Opportunity ID,Account ID 18 Digits,Opportunity Owner,Amount (converted),Stage,Created Date,Close Date,Age,Lead Source,Employees,Industry,Market Segment,Reporting Manager,Territory,Month&Year,Created Month & Year
00606000012b5JF,0010600001z3JtmAAE,AE 5,4000,Closed Lost,1/8/2022,1/25/2022,17,Partner Referral,,Food & Beverage - Restaurants,,Director of Sales 2,EMEA,Jan 2022,Jan 2022
00606000012b3w0,0010600001z3DY6AAM,AE 6,4235.35,Closed Lost,1/6/2022,2/2/2022,27,Inbound,,Agencies / Consultancies / Software Providers - IT Consultancies,,Director of Sales 2,EMEA,Feb 2022,Jan 2022
00606000012b4vX,0010600001z3IFzAAM,AE 5,4000,Closed Won,1/8/2022,2/7/2022,30,Inbound,476,Food & Beverage - Delivery Services,Corporate,Director of Sales 2,EMEA,Feb 2022,Jan 2022
00606000012bJiw,0010600001z5DWaAAM,AE 4,4235.35,Closed Lost,2/1/2022,2/12/2022,11,Inbound,,Agencies / Consultancies / Software Providers,,Director of Sales 2,EMEA,Feb 2022,Feb 2022
00606000012bCpU,0010600001z4R6PAAU,AE 4,4000,Closed Lost,1/20/2022,2/25/2022,36,Inbound,,Mobility & Transportation - Logistics,,Director of Sales 2,EMEA,Feb 2022,Jan 2022
00606000012b5xP,0010600001z3SKKAA2,AE 5,4522.5,Closed Lost,1/11/2022,3/3/2022,51,Inbound,,Insurance,,Director of Sales 2,EMEA,Mar 2022,Jan 2022
00606000012bKi5,0010600001z5Ep6AAE,AE 6,1055.25,Closed Lost,2/1/2022,3/5/2022,32,Inbound,,Travel - Hospitality,,Director of Sales 2,EMEA,Mar 2022,Feb 2022
00606000012bZ3P,0010600001z4SOYAA2,Executive 1,14713.2,Closed Won,2/24/2022,3/16/2022,20,Partner Referral,91,Apparel & Textile,Growth,IC,Other,Mar 2022,Feb 2022
00606000012bZVy,0010600001z6nHDAAY,AE 6,11155.5,Closed Won,2/25/2022,3/16/2022,19,Inbound,534,Gambling & Gaming,Corporate,Director of Sales 2,EMEA,Mar 2022,Feb 2022
00606000012bJ4I,0010600001z53KBAAY,AE 5,,Closed Lost,1/29/2022,3/25/2022,55,Inbound,,Other Consumer Goods,,Director of Sales 2,EMEA,Mar 2022,Jan 2022
00606000012bTfX,0010600001z6BfQAAU,AE 5,2700,Closed Lost,2/16/2022,3/25/2022,37,Inbound,,Other,,Director of Sales 2,EMEA,Mar 2022,Feb 2022
00606000012b7Lh,0010600001z3YHwAAM,AE 4,14000,Closed Won,1/12/2022,3/29/2022,76,Inbound,2669,Apparel & Textile - Sportswear / Sports Gear,Enterprise,Director of Sales 2,EMEA,Mar 2022,Jan 2022
00606000012bLda,0010600001z5J7RAAU,AE 4,33044.4,Closed Won,2/2/2022,3/30/2022,56,Inbound,6464,Other Consumer Goods,Enterprise,Director of Sales 2,EMEA,Mar 2022,Feb 2022
00606000012bHZT,0010600001z4sMLAAY,Executive 1,14000,Qualifying,1/27/2022,3/31/2022,426,Inbound,,Other Consumer Goods - Furniture,,IC,Other,Mar 2022,Jan 2022
00606000012bBpE,0010600001z4N6NAAU,Executive 1,5427,Qualifying,1/19/2022,3/31/2022,434,Inbound,,Mobility & Transportation - Public Transport,,IC,Other,Mar 2022,Jan 2022
00606000012b4ix,0010600001z3GknAAE,Executive 1,6633,Scoping,1/7/2022,3/31/2022,446,Inbound,,Food & Beverage,,IC,Other,Mar 2022,Jan 2022
00606000012b7nM,0010600001z3ahfAAA,Executive 1,13500,Qualifying,1/13/2022,3/31/2022,440,Inbound,,Agencies / Consultancies / Software Providers - SaaS Companies,,IC,Other,Mar 2022,Jan 2022
00606000012xCEv,0010600001xEiTjAAK,Misc. Rep,,Qualifying,3/17/2022,3/31/2022,377,Inbound,,Agencies / Consultancies / Software Providers - Marketing Agencies,,Director of Sales 3,AMER,Mar 2022,Mar 2022
00606000012xFFh,0010600001xF0fJAAS,Executive 1,,Qualifying,3/22/2022,3/31/2022,372,Inbound,,Other Consumer Goods,,IC,Other,Mar 2022,Mar 2022
00606000012x7wS,0010600001xEFlLAAW,AE 6,2365,Closed Lost,3/10/2022,4/6/2022,27,Inbound,,Mobility & Transportation,,Director of Sales 2,EMEA,Apr 2022,Mar 2022
00606000012bNFr,0010600001z5SPNAA2,AE 5,4138.75,Closed Lost,2/4/2022,4/7/2022,62,Inbound,,Mobility & Transportation,,Director of Sales 2,EMEA,Apr 2022,Feb 2022
00606000012bA7P,0010600001z3rGLAAY,Executive 1,4000,Closed Lost,1/15/2022,4/7/2022,82,Inbound,,Other,,IC,Other,Apr 2022,Jan 2022
00606000012xGSm,0010600001xF7a0AAC,Director of Sales 1,3000,Closed Lost,3/24/2022,4/11/2022,18,Inbound,,Other Consumer Goods - Furniture,,Director of Sales 1,APAC,Apr 2022,Mar 2022
00606000012bVzy,0010600001z6MHfAAM,AE 5,4138.75,Closed Lost,2/18/2022,4/12/2022,53,Inbound,,Agencies / Consultancies / Software Providers - SaaS Companies,,Director of Sales 2,EMEA,Apr 2022,Feb 2022
00606000012xD9X,0010600001xEmnsAAC,AE 4,4000,Closed Lost,3/18/2022,4/16/2022,29,Inbound,,Agencies / Consultancies / Software Providers - SaaS Companies,,Director of Sales 2,EMEA,Apr 2022,Mar 2022
00606000012x8Gh,0010600001xEIrWAAW,AE 4,10642.5,Closed Lost,3/11/2022,4/20/2022,40,Inbound,,Food & Beverage,,Director of Sales 2,EMEA,Apr 2022,Mar 2022
00606000012bBY7,0010600001z4MQIAA2,AE 5,8750,Closed Won,1/19/2022,4/22/2022,93,Inbound,,Health Care,,Director of Sales 2,EMEA,Apr 2022,Jan 2022
00606000012xEaK,0010600001xEyfbAAC,Director of Sales 1,4000,Closed Lost,3/22/2022,4/23/2022,32,Outbound,,Apparel & Textile - Clothes,,Director of Sales 1,APAC,Apr 2022,Mar 2022
00606000012bKtc,0010600001z5FY3AAM,Executive 1,10642.5,Closed Lost,2/1/2022,4/26/2022,84,Inbound,,Other Consumer Goods - Automotive,,IC,Other,Apr 2022,Feb 2022
00606000012xDxh,0010600001xEqRmAAK,AE 4,8868.75,Closed Lost,3/19/2022,4/26/2022,38,Inbound,,Financial Services,,Director of Sales 2,EMEA,Apr 2022,Mar 2022
00606000012xXjm,0010600001xH9KwAAK,AE 5,4877.81,Closed Won,4/19/2022,4/26/2022,7,Inbound,,food & beverages,,Director of Sales 2,EMEA,Apr 2022,Apr 2022
00606000012bQGj,0011o00001ht60VAAQ,AE 5,17737.5,Closed Lost,2/10/2022,4/28/2022,77,Inbound,,Other Consumer Goods,,Director of Sales 2,EMEA,Apr 2022,Feb 2022
00606000012xDB9,0010600001xEms4AAC,AE 5,4138.75,Closed Lost,3/18/2022,4/28/2022,41,Inbound,,Agencies / Consultancies / Software Providers - IT Consultancies,,Director of Sales 2,EMEA,Apr 2022,Mar 2022
00606000012xGRo,0010600001xF7WXAA0,AE 4,10642.5,Closed Lost,3/24/2022,4/29/2022,36,Inbound,,Gambling & Gaming - Casinos,,Director of Sales 2,EMEA,Apr 2022,Mar 2022
00606000012bZnx,0011o00001qwYiuAAE,AE 4,17737.5,Closed Won,2/25/2022,4/30/2022,64,Inbound,547,Health Care,Corporate,Director of Sales 2,EMEA,Apr 2022,Feb 2022
00606000012bZmL,0010600001z6oArAAI,AE 6,2956.25,Closed Lost,2/25/2022,4/30/2022,64,Inbound,,Apparel & Textile - Sportswear / Sports Gear,,Director of Sales 2,EMEA,Apr 2022,Feb 2022
00606000012bYD9,0010600001z6emUAAQ,AE 5,4138.75,Closed Lost,2/23/2022,4/30/2022,66,Inbound,,Apparel & Textile - Sportswear / Sports Gear,,Director of Sales 2,EMEA,Apr 2022,Feb 2022
00606000012bS2P,0010600001z5xc8AAA,AE 5,4000,Closed Lost,2/12/2022,4/30/2022,77,Inbound,,Other,,Director of Sales 2,EMEA,Apr 2022,Feb 2022
00606000012bAX8,0010600001z3x5UAAQ,AE 5,2808.44,Closed Won,1/18/2022,4/30/2022,102,Inbound,13,Apparel & Textile - Clothes,Growth,Director of Sales 2,EMEA,Apr 2022,Jan 2022
00606000012x4my,0010600001xDxeaAAC,Director of Sales 1,5500,Closed Won,3/4/2022,5/3/2022,59,Outbound,27432,Other Consumer Goods,Enterprise,Director of Sales 1,APAC,May 2022,Mar 2022
00606000012xAiK,0010600001xEbQDAA0,AE 5,2101.23,Closed Lost,3/15/2022,5/3/2022,49,Inbound,,Telecommunications,,Director of Sales 2,EMEA,May 2022,Mar 2022
00606000012xC18,0010600001xEhmQAAS,Director of Sales 1,4000,Closed Lost,3/17/2022,5/3/2022,47,,,Travel - Booking Platforms,,Director of Sales 1,APAC,May 2022,Mar 2022
00606000012xldG,00106000020sT70AAE,AE 6,4202.45,Closed Lost,4/30/2022,5/12/2022,12,Inbound,,Real Estate,,Director of Sales 2,EMEA,May 2022,Apr 2022
00606000012xJOd,0010600001xFUwMAAW,AE 4,4802.8,Closed Lost,3/29/2022,5/14/2022,46,Inbound,,Real Estate - Rental,,Director of Sales 2,EMEA,May 2022,Mar 2022
00606000012x9Rc,0010600001xEPklAAG,AE 8,9000,Closed Lost,3/12/2022,5/18/2022,67,Inbound,,,,Director of Sales 3,AMER,May 2022,Mar 2022
00606000012xgI6,00106000020s6gKAAQ,AE 6,1320.77,Closed Won,4/26/2022,5/18/2022,22,Inbound,11,Apparel & Textile,Growth,Director of Sales 2,EMEA,May 2022,Apr 2022
00606000012xBa7,0010600001xEfTrAAK,AE 6,4000,Closed Won,3/16/2022,5/19/2022,64,Inbound,12,Marketplace,Growth,Director of Sales 2,EMEA,May 2022,Mar 2022
006060000136C90,0010600001yM476AAC,AE 5,4000,Closed Lost,3/4/2022,5/21/2022,78,Inbound,,Agencies / Consultancies / Software Providers - Marketing Agencies,,Director of Sales 2,EMEA,May 2022,Mar 2022
00606000012bTK0,0010600001z69BvAAI,AE 4,9000,Closed Lost,2/15/2022,5/24/2022,98,Inbound,,Food & Beverage - Producer,,Director of Sales 2,EMEA,May 2022,Feb 2022
00606000012xbOJ,0010600001xHNMVAA4,Director of Sales 1,12007,Closed Lost,4/22/2022,5/24/2022,32,,,Gambling & Gaming- Sports Betting,,Director of Sales 1,APAC,May 2022,Apr 2022
00606000012xrU0,0011o00001qxdQTAAY,Director of Sales 1,3000,Closed Lost,5/7/2022,5/25/2022,18,Inbound,,Financial Services,,Director of Sales 1,APAC,May 2022,May 2022
00606000012b94K,0010600001z3fmeAAA,AE 6,2401.4,Closed Lost,1/14/2022,5/25/2022,131,Inbound,,Healthcare - Pharmacies,,Director of Sales 2,EMEA,May 2022,Jan 2022
00606000012xVvq,0010600001xGts2AAC,Director of Sales 1,5000,Closed Lost,4/15/2022,5/25/2022,39,,11,Financial Services,Growth,Director of Sales 1,APAC,May 2022,Apr 2022
00606000012xc4y,0010600001xHP3qAAG,AE 5,4202.45,Closed Lost,4/22/2022,5/27/2022,35,Inbound,,,,Director of Sales 2,EMEA,May 2022,Apr 2022
00606000012xn3k,00106000020sezhAAA,Director of Sales 1,600,Closed Won,5/3/2022,5/28/2022,25,Inbound,71,Food & Beverage,Growth,Director of Sales 1,APAC,May 2022,May 2022
00606000012xkYt,00106000020sNnvAAE,AE 5,4000,Closed Lost,4/29/2022,5/31/2022,32,Inbound,,Agencies / Consultancies / Software Providers,,Director of Sales 2,EMEA,May 2022,Apr 2022
00606000012xAfa,0010600001xEbKAAA0,AE 5,3000,Closed Won,3/15/2022,5/31/2022,77,Inbound,67,Other - Utilities,Growth,Director of Sales 2,EMEA,May 2022,Mar 2022
00606000012xXMT,0010600001xH7N6AAK,Director of Sales 1,2000,Closed Lost,4/18/2022,5/31/2022,42,Inbound,,Financial Services,,Director of Sales 1,APAC,May 2022,Apr 2022
00606000012xsfT,00106000020tDxDAAU,Director of Sales 1,2500,Closed Lost,5/10/2022,6/1/2022,22,Inbound,,Other Consumer Goods - Hardware,,Director of Sales 1,APAC,Jun 2022,May 2022
00606000012bQlD,0010600001z5pQ2AAI,AE 4,22499.95,Closed Won,2/11/2022,6/2/2022,111,Inbound,9377,Apparel & Textile - Clothes,Enterprise,Director of Sales 2,EMEA,Jun 2022,Feb 2022
00606000012x7on,0010600001xEFVmAAO,AE 4,17500,Closed Lost,3/10/2022,6/2/2022,84,Inbound,,Financial Services - Banking,,Director of Sales 2,EMEA,Jun 2022,Mar 2022
00606000012y4xl,00106000020ubwwAAA,AE 5,1221.2,Closed Lost,5/28/2022,6/2/2022,5,Inbound,,sporting goods,,Director of Sales 2,EMEA,Jun 2022,May 2022
00606000012xfNP,0010600001xHhUpAAK,AE 4,4884.8,Closed Lost,4/26/2022,6/4/2022,39,Inbound,,Other,,Director of Sales 2,EMEA,Jun 2022,Apr 2022
00606000012xPB7,0011o00001ZEXb1AAH,AE 6,1465.44,Closed Lost,4/8/2022,6/7/2022,60,Inbound,,Financial Services,,Director of Sales 2,EMEA,Jun 2022,Apr 2022
00606000012xyJk,00106000020tvInAAI,AE 5,4274.2,Closed Lost,5/19/2022,6/8/2022,20,Inbound,,Financial Services,,Director of Sales 2,EMEA,Jun 2022,May 2022
00606000012xLgF,0010600001xFjikAAC,AE 4,10990.8,Closed Lost,4/1/2022,6/11/2022,71,Inbound,,Other Consumer Goods,,Director of Sales 2,EMEA,Jun 2022,Apr 2022
00606000012xHJb,0010600001xFDIVAA4,AE 6,1831.8,Closed Lost,3/25/2022,6/14/2022,81,Inbound,,Health Care,,Director of Sales 2,EMEA,Jun 2022,Mar 2022
00606000012yTHN,00106000021cjSkAAI,AE 6,10074.9,Closed Won,6/16/2022,6/18/2022,2,Inbound,6,Travel,Growth,Director of Sales 2,EMEA,Jun 2022,Jun 2022
00606000012y1gO,00106000020uJMqAAM,Director of Sales 1,500,Closed Lost,5/24/2022,6/21/2022,28,,,Financial Services,,Director of Sales 1,APAC,Jun 2022,May 2022
00606000012y3YB,00106000020uU63AAE,AE 6,4000,Closed Won,5/26/2022,6/21/2022,26,Partner Referral,12,eCommerce,Growth,Director of Sales 2,EMEA,Jun 2022,May 2022
00606000012y05L,00106000020u39nAAA,AE 5,4000,Closed Lost,5/20/2022,6/22/2022,33,Inbound,,Wellness & Fitness,,Director of Sales 2,EMEA,Jun 2022,May 2022
00606000012xqNX,00106000020sxJhAAI,Director of Sales 1,14500,Closed Won,5/6/2022,6/24/2022,49,Inbound,166,Financial Services,Corporate,Director of Sales 1,APAC,Jun 2022,May 2022
00606000012x8Fy,0011o00001af5QpAAI,AE 4,9000,Closed Lost,3/11/2022,6/24/2022,105,Inbound,,Financial Services,,Director of Sales 2,EMEA,Jun 2022,Mar 2022
00606000012xjJx,00106000020sFelAAE,Director of Sales 1,6000,Closed Won,4/28/2022,6/25/2022,58,Partner Referral,58,Food & Beverage - Delivery Services,Growth,Director of Sales 1,APAC,Jun 2022,Apr 2022
00606000012xBcd,0010600001xEfaHAAS,Executive 1,21981.6,Closed Won,3/16/2022,6/28/2022,104,Inbound,1529,,Corporate,IC,Other,Jun 2022,Mar 2022
00606000012xCsW,0010600001xEIjmAAG,Executive 1,11601.4,Closed Won,3/18/2022,6/28/2022,102,Outbound,3073,Food & Beverage - Grocery Shops,Enterprise,IC,Other,Jun 2022,Mar 2022
00606000012xle9,0010600001xHIctAAG,AE 6,1831.8,Closed Lost,4/30/2022,6/29/2022,60,Inbound,,Financial Services,,Director of Sales 2,EMEA,Jun 2022,Apr 2022
00606000012xldg,00106000020sT7fAAE,AE 6,4202.45,Closed Lost,4/30/2022,6/29/2022,60,Inbound,,information technology and services,,Director of Sales 2,EMEA,Jun 2022,Apr 2022
00606000012xJBy,0010600001xFU8HAAW,AE 6,4000,Closed Lost,3/29/2022,6/29/2022,92,Inbound,,Apparel & Textile - Clothes,,Director of Sales 2,EMEA,Jun 2022,Mar 2022
00606000012yZyp,00106000021dNInAAM,AE 6,2442.4,Closed Lost,6/21/2022,6/29/2022,8,Inbound,,internet,,Director of Sales 2,EMEA,Jun 2022,Jun 2022
00606000012xzvk,00106000020u2jMAAQ,AE 6,3053,Closed Lost,5/20/2022,6/29/2022,40,Inbound,,Food & Beverage - Supermarket Chains,,Director of Sales 2,EMEA,Jun 2022,May 2022
00606000012y3dV,00106000020uUokAAE,AE 8,10000,Closed Lost,5/26/2022,6/29/2022,34,Inbound,,information technology and services,,Director of Sales 3,AMER,Jun 2022,May 2022
00606000012xvlM,00106000020ta8BAAQ,Director of Sales 1,4500,Closed Lost,5/14/2022,6/29/2022,46,Inbound,,Financial Services,,Director of Sales 1,APAC,Jun 2022,May 2022
00606000012x549,0010600001xDyVoAAK,AE 6,2442.4,Closed Lost,3/5/2022,6/29/2022,116,Inbound,,Financial Services,,Director of Sales 2,EMEA,Jun 2022,Mar 2022
00606000012bUDj,0010600001z6EAFAA2,AE 6,4274.2,Closed Lost,2/16/2022,6/29/2022,133,Inbound,,Apparel & Textile - Clothes,,Director of Sales 2,EMEA,Jun 2022,Feb 2022
00606000012xpZI,00106000020srlTAAQ,Director of Sales 1,11000,Closed Won,5/5/2022,6/29/2022,55,Inbound,206,Financial Services,Corporate,Director of Sales 1,APAC,Jun 2022,May 2022
00606000012xr1I,00106000020sza7AAA,AE 6,9769.6,Closed Won,5/6/2022,6/29/2022,54,Inbound,2485,Other Consumer Goods - Electronics,Corporate,Director of Sales 2,EMEA,Jun 2022,May 2022
00606000012xuuI,00106000020tR3TAAU,AE 6,1831.8,Closed Lost,5/12/2022,6/29/2022,48,Inbound,,Travel - Hospitality,,Director of Sales 2,EMEA,Jun 2022,May 2022
00606000012bCwz,0010600001z4SZbAAM,Partner Manager,,Closed Lost,1/20/2022,6/29/2022,160,Inbound,,Agencies / Consultancies / Software Providers - Marketing Agencies,,IC,Other,Jun 2022,Jan 2022
00606000012xWPq,0010600001xGwOCAA0,AE 6,3663.6,Closed Lost,4/16/2022,6/29/2022,74,Inbound,,Apparel & Textile,,Director of Sales 2,EMEA,Jun 2022,Apr 2022
00606000012yAap,0010600001xH7spAAC,Executive 1,17402.1,Closed Won,6/5/2022,6/30/2022,25,Outbound,567,Retail,Corporate,IC,Other,Jun 2022,Jun 2022
00606000012y2fG,00106000020uPdZAAU,AE 5,4274.2,Closed Lost,5/25/2022,6/30/2022,36,Inbound,,Healthcare - Pharmaceuticals,,Director of Sales 2,EMEA,Jun 2022,May 2022
00606000012yOND,00106000020vjlNAAQ,AE 5,1195.1,Closed Lost,6/10/2022,7/1/2022,21,Inbound,,Financial Services,,Director of Sales 2,EMEA,Jul 2022,Jun 2022
00606000012xyHy,00106000020tvAoAAI,Director of Sales 1,2000,Closed Lost,5/19/2022,7/1/2022,43,Outbound,,Financial Services,,Director of Sales 1,APAC,Jul 2022,May 2022
00606000012ydnH,00106000021e2WVAAY,AE 8,1195.1,Closed Lost,6/24/2022,7/2/2022,8,Inbound,,banking,,Director of Sales 3,AMER,Jul 2022,Jun 2022
006060000136Bnd,0010600001yM39GAAS,Director of Sales 1,20000,Closed Lost,3/4/2022,7/4/2022,122,Outbound,,Travel - Airline,,Director of Sales 1,APAC,Jul 2022,Mar 2022
00606000012y0Bd,00106000020u47gAAA,AE 8,1750,Closed Lost,5/20/2022,7/5/2022,46,Inbound,43,Financial Services,Growth,Director of Sales 3,AMER,Jul 2022,May 2022
00606000012yBkN,00106000020vM3BAAU,AE 8,1750,Closed Lost,6/7/2022,7/13/2022,36,Inbound,,Financial Services - Banking,,Director of Sales 3,AMER,Jul 2022,Jun 2022
00606000012xWZM,0010600001xGwojAAC,AE 4,4000,Closed Lost,4/16/2022,7/16/2022,91,Inbound,,Other,,Director of Sales 2,EMEA,Jul 2022,Apr 2022
00606000012xtUJ,00106000020tH1dAAE,AE 6,1195.1,Closed Lost,5/10/2022,7/19/2022,70,Inbound,,Mobility & Transportation,,Director of Sales 2,EMEA,Jul 2022,May 2022
00606000012xHWf,0011o00001vEQj9AAG,Director of Sales 1,3000,Closed Lost,3/25/2022,7/19/2022,116,Outbound,,,,Director of Sales 1,APAC,Jul 2022,Mar 2022
00606000012ybFD,00106000021dSWvAAM,AE 5,4182.85,Closed Lost,6/22/2022,7/23/2022,31,Inbound,,"health, wellness and fitness",,Director of Sales 2,EMEA,Jul 2022,Jun 2022
00606000012xpcC,00106000020sruzAAA,AE 4,3000,Closed Lost,5/5/2022,7/26/2022,82,Inbound,,,,Director of Sales 2,EMEA,Jul 2022,May 2022
00606000012y2VB,00106000020uP79AAE,AE 6,2390.2,Closed Lost,5/25/2022,7/27/2022,63,Inbound,,Agencies / Consultancies / Software Providers,,Director of Sales 2,EMEA,Jul 2022,May 2022
00606000012yw52,001060000229qi9AAA,AE 6,2330.45,Closed Won,7/26/2022,7/28/2022,2,Inbound,4,eCommerce,Growth,Director of Sales 2,EMEA,Jul 2022,Jul 2022
00606000012yoKH,00106000021fLWcAAM,Director of Sales 1,12250,Closed Won,7/8/2022,7/29/2022,21,Inbound,11,Financial Services,Growth,Director of Sales 1,APAC,Jul 2022,Jul 2022
00606000012yaRX,00106000021dPTtAAM,AE 8,3500,Closed Lost,6/21/2022,7/29/2022,38,Inbound,,Other,,Director of Sales 3,AMER,Jul 2022,Jun 2022
00606000012yQQT,00106000020w7lGAAQ,Director of Sales 1,9000,Closed Won,6/13/2022,7/30/2022,46,Partner Referral,684,Financial Services,Corporate,Director of Sales 1,APAC,Jul 2022,Jun 2022
00606000012yra8,00106000021fkFVAAY,AE 6,13146.1,Closed Won,7/14/2022,7/30/2022,16,Inbound,188,cosmetics,Corporate,Director of Sales 2,EMEA,Jul 2022,Jul 2022
00606000012y7x1,00106000020usAEAAY,AE 6,4182.85,Closed Lost,6/1/2022,7/30/2022,59,Inbound,,Agencies / Consultancies / Software Providers,,Director of Sales 2,EMEA,Jul 2022,Jun 2022
00606000012yrFP,00106000021fhrhAAA,AE 8,1000,Closed Lost,7/13/2022,8/2/2022,20,Inbound,,consumer goods,,Director of Sales 3,AMER,Aug 2022,Jul 2022
00606000012yPuS,00106000020vuTzAAI,AE 8,,Closed Lost,6/11/2022,8/5/2022,55,Inbound,,Financial Services,,Director of Sales 3,AMER,Aug 2022,Jun 2022
00606000012xGXD,0010600001xF7pjAAC,AE 5,4120.2,Closed Lost,3/24/2022,8/5/2022,134,Inbound,,Financial Services,,Director of Sales 2,EMEA,Aug 2022,Mar 2022
00606000012ybN7,00106000021dSrAAAU,AE 5,4708.8,Closed Lost,6/22/2022,8/6/2022,45,Inbound,,Apparel & Textile - Clothes,,Director of Sales 2,EMEA,Aug 2022,Jun 2022
00606000012xld1,00106000020sT6gAAE,AE 6,1177.2,Closed Lost,4/30/2022,8/9/2022,101,Inbound,,,,Director of Sales 2,EMEA,Aug 2022,Apr 2022
00606000012ya9d,00106000020vk4jAAA,AE 6,4120.2,Closed Lost,6/21/2022,8/9/2022,49,Inbound,,Mobility & Transportation,,Director of Sales 2,EMEA,Aug 2022,Jun 2022
00606000012xNcd,0010600001xG8MLAA0,AE 5,4000,Closed Lost,4/6/2022,8/9/2022,125,Inbound,,Food & Beverage - Delivery Services,,Director of Sales 2,EMEA,Aug 2022,Apr 2022
00606000012yWwM,00106000021clkkAAA,AE 4,9000,Closed Lost,6/16/2022,8/9/2022,54,Inbound,,Wellness & Fitness,,Director of Sales 2,EMEA,Aug 2022,Jun 2022
00606000012bC7m,0012400000mK9c4AAC,Executive 2,8829,Closed Lost,1/19/2022,8/9/2022,202,Employee Referral,,Arts & Entertainment,,IC,Other,Aug 2022,Jan 2022
00606000012xfeL,0010600001xHi6eAAC,CSM,1000,Closed Won,4/26/2022,8/10/2022,106,Inbound,16,Other Consumer Goods,Growth,IC,Other,Aug 2022,Apr 2022
00606000012yg4Z,00106000021ea0pAAA,AE 8,4000,Closed Lost,6/28/2022,8/11/2022,44,Inbound,,food & beverages,,Director of Sales 3,AMER,Aug 2022,Jun 2022
00606000012z1TC,00106000022B2nTAAS,AE 6,3531.6,Closed Won,8/10/2022,8/12/2022,2,Customer Referral,64,e-Commerce,Growth,Director of Sales 2,EMEA,Aug 2022,Aug 2022
00606000012ykVG,00106000021evaNAAQ,AE 8,12000.35,Closed Won,7/2/2022,8/17/2022,46,Inbound,864,"health, wellness & fitness",Corporate,Director of Sales 3,AMER,Aug 2022,Jul 2022
00606000012xuKo,00106000020tMFMAA2,AE 4,4708.8,Closed Lost,5/11/2022,8/17/2022,98,Inbound,,Other Consumer Goods,,Director of Sales 2,EMEA,Aug 2022,May 2022
00606000012ytsf,00124000014vJowAAE,AE 6,4120.2,Closed Lost,7/20/2022,8/19/2022,30,Inbound,,e-Commerce,,Director of Sales 2,EMEA,Aug 2022,Jul 2022
00606000012yA5D,00106000020v68zAAA,AE 5,1177.2,Closed Lost,6/4/2022,8/23/2022,80,Inbound,,Telecommunications,,Director of Sales 2,EMEA,Aug 2022,Jun 2022
00606000012z0I3,00106000022AcHGAA0,AE 1,2000,Closed Lost,8/6/2022,8/23/2022,17,Inbound,,,,Director of Sales 1,APAC,Aug 2022,Aug 2022
00606000012ywN6,001060000229so7AAA,Director of Sales 1,4000,Closed Lost,7/26/2022,8/23/2022,27,Inbound,,internet,,Director of Sales 1,APAC,Aug 2022,Jul 2022
00606000012ya1Z,00106000021dNPPAA2,AE 5,4000,Closed Lost,6/21/2022,8/23/2022,63,Inbound,,Financial Services,,Director of Sales 2,EMEA,Aug 2022,Jun 2022
00606000012xSde,0010600001xGfj6AAC,AE 5,2000,Closed Lost,4/13/2022,8/23/2022,132,Inbound,,Other,,Director of Sales 2,EMEA,Aug 2022,Apr 2022
00606000012yp7T,00106000021fPCVAA2,AE 8,8200,Closed Won,7/8/2022,8/24/2022,46,Inbound,136,consumer services,Corporate,Director of Sales 3,AMER,Aug 2022,Jul 2022
00606000012yes8,00106000021eMhtAAE,AE 4,10594.8,Closed Lost,6/25/2022,8/25/2022,61,Inbound,,Mobility & Transportation - Public Transport,,Director of Sales 2,EMEA,Aug 2022,Jun 2022
00606000012yyDl,00106000022AAbrAAG,AE 5,8829,Closed Lost,7/30/2022,8/26/2022,27,Inbound,,computer software,,Director of Sales 2,EMEA,Aug 2022,Jul 2022
00606000012yzd5,00106000022ATSxAAO,AE 5,1177.2,Closed Lost,8/4/2022,8/26/2022,22,Inbound,,food & beverages,,Director of Sales 2,EMEA,Aug 2022,Aug 2022
00606000012ywp5,001060000229y04AAA,Director of Sales 1,2000,Closed Lost,7/28/2022,8/30/2022,33,Inbound,,"health, wellness & fitness",,Director of Sales 1,APAC,Aug 2022,Jul 2022
00606000012yOvt,00106000020vmYXAAY,AE 4,20000,Closed Lost,6/10/2022,8/31/2022,82,Inbound,,Retail,,Director of Sales 2,EMEA,Aug 2022,Jun 2022
00606000012ybxA,00106000021dVMCAA2,Director of Sales 1,20000,Closed Lost,6/22/2022,8/31/2022,69,Inbound,,Financial Services - Banking,,Director of Sales 1,APAC,Aug 2022,Jun 2022
00606000012xStX,0010600001xGgT1AAK,AE 4,4000,Closed Lost,4/13/2022,9/1/2022,141,Inbound,,Financial Services,,Director of Sales 2,EMEA,Sep 2022,Apr 2022
00606000012yzRs,00106000022AQVjAAO,AE 8,,Closed Lost,8/3/2022,9/2/2022,30,Partner Referral,,Food & Beverage - Restaurants,,Director of Sales 3,AMER,Sep 2022,Aug 2022
00606000012yo1P,00106000021fKc0AAE,Director of Sales 1,4000,Closed Lost,7/8/2022,9/2/2022,56,Inbound,,staffing & recruiting,,Director of Sales 1,APAC,Sep 2022,Jul 2022
00606000012bXPn,0010600001z6aSFAAY,AE 4,10450,Closed Won,2/22/2022,9/2/2022,192,Inbound,1930,Other Consumer Goods,Corporate,Director of Sales 2,EMEA,Sep 2022,Feb 2022
00606000012wUgg,00106000020rIrRAAU,AE 1,2000,Closed Lost,8/16/2022,9/6/2022,21,Outbound,,Financial Services - Peer-to-peer lending,,Director of Sales 1,APAC,Sep 2022,Aug 2022
00606000012ya2m,00106000021dNT2AAM,AE 5,10550.7,Closed Lost,6/21/2022,9/13/2022,84,Inbound,,marketing and advertising,,Director of Sales 2,EMEA,Sep 2022,Jun 2022
00606000012xymN,00106000020twxSAAQ,AE 6,11723,Closed Lost,5/19/2022,9/13/2022,117,Inbound,,food & beverages,,Director of Sales 2,EMEA,Sep 2022,May 2022
00606000012bOWP,0010600001z5eEbAAI,AE 4,17584.5,Closed Lost,2/8/2022,9/14/2022,218,Partner Referral,,Financial Services,,Director of Sales 2,EMEA,Sep 2022,Feb 2022
00606000012wXFJ,00106000020rvjAAAQ,Director of Sales 1,2941.41,Closed Lost,8/22/2022,9/14/2022,22,Inbound,,online media,,Director of Sales 1,APAC,Sep 2022,Aug 2022
00606000012bc9p,0010600001zzdQ6AAI,AE 5,4103.05,Closed Lost,3/2/2022,9/14/2022,196,Inbound,,Mobility & Transportation,,Director of Sales 2,EMEA,Sep 2022,Mar 2022
00606000012xp2t,00106000020snP7AAI,AE 6,5861.5,Closed Won,5/4/2022,9/17/2022,136,Customer Referral,162,,Corporate,Director of Sales 2,EMEA,Sep 2022,May 2022
00606000012bG4r,0010600001z4mYJAAY,AE 5,4103.05,Closed Lost,1/26/2022,9/17/2022,234,Inbound,,Financial Services - Banking,,Director of Sales 2,EMEA,Sep 2022,Jan 2022
00606000012wgVH,00106000022nLzWAAU,AE 5,4689.2,Closed Lost,9/14/2022,9/20/2022,6,Inbound,,utilities,,Director of Sales 2,EMEA,Sep 2022,Sep 2022
00606000012bE8X,0010600001z4Y4xAAE,AE 5,6250,Closed Won,1/22/2022,9/23/2022,244,Inbound,374,Agencies / Consultancies / Software Providers,Corporate,Director of Sales 2,EMEA,Sep 2022,Jan 2022
00606000012ytpH,00106000021g6dQAAQ,AE 5,17584.5,Closed Lost,7/20/2022,9/27/2022,69,Inbound,,media production,,Director of Sales 2,EMEA,Sep 2022,Jul 2022
00606000012wiOL,00106000022ng5iAAA,Director of Sales 1,3000,Closed Won,9/17/2022,9/28/2022,11,Outbound,446,Financial Services,Corporate,Director of Sales 1,APAC,Sep 2022,Sep 2022
00606000012yhnL,00106000021ejeeAAA,AE 6,5275.35,Closed Lost,6/30/2022,9/29/2022,91,Partner Referral,,Other Consumer Goods,,Director of Sales 2,EMEA,Sep 2022,Jun 2022
00606000012xjmp,00106000020sI5IAAU,AE 6,4103.05,Closed Lost,4/28/2022,9/29/2022,154,Inbound,,,,Director of Sales 2,EMEA,Sep 2022,Apr 2022
00606000012yQi3,00106000021cKFkAAM,Executive 1,164122,Closed Won,6/14/2022,9/29/2022,107,Outbound,74565,sporting goods,Enterprise,IC,Other,Sep 2022,Jun 2022
00606000012z0Ro,00106000022Ae1nAAC,AE 6,1758.45,Closed Lost,8/6/2022,9/29/2022,54,Inbound,,automotive,,Director of Sales 2,EMEA,Sep 2022,Aug 2022
00606000012yQzs,00106000021cLkZAAU,AE 6,4103.05,Closed Lost,6/14/2022,9/29/2022,107,Inbound,,luxury goods & jewelry,,Director of Sales 2,EMEA,Sep 2022,Jun 2022
00606000012yrTq,00106000021fjdzAAA,AE 6,5275.35,Closed Won,7/14/2022,9/29/2022,77,Inbound,141,Retail,Corporate,Director of Sales 2,EMEA,Sep 2022,Jul 2022
00606000012xtDc,00106000020tG41AAE,AE 6,4103.05,Closed Lost,5/10/2022,9/29/2022,142,Inbound,,Financial Services,,Director of Sales 2,EMEA,Sep 2022,May 2022
00606000012xpX2,00106000020srdrAAA,AE 6,4103.05,Closed Lost,5/5/2022,9/29/2022,147,Inbound,,transportation/trucking/railroad,,Director of Sales 2,EMEA,Sep 2022,May 2022
00606000012bQ4d,0010600001z5m4OAAQ,AE 6,4103.05,Closed Lost,2/10/2022,9/29/2022,231,Inbound,,Food & Beverage - Grocery Shops,,Director of Sales 2,EMEA,Sep 2022,Feb 2022
00606000012xF7Y,0010600001xF09NAAS,AE 6,2930.75,Closed Lost,3/22/2022,9/29/2022,191,Inbound,,,,Director of Sales 2,EMEA,Sep 2022,Mar 2022
00606000012whKp,00106000022nUo3AAE,AE 4,,Closed Lost,9/15/2022,9/30/2022,15,Inbound,,food & beverages,,Director of Sales 2,EMEA,Sep 2022,Sep 2022
00606000012yQ2R,00106000020vwGFAAY,AE 8,4750,Closed Won,6/11/2022,9/30/2022,111,Inbound,142,Other Consumer Goods - Electronics,Corporate,Director of Sales 3,AMER,Sep 2022,Jun 2022
00606000012y7aZ,00106000020uqwUAAQ,AE 5,4103.05,Closed Lost,6/1/2022,9/30/2022,121,Inbound,,consumer electronics,,Director of Sales 2,EMEA,Sep 2022,Jun 2022
00606000012wW2n,00106000020rc2bAAA,AE 4,5864.5,Closed Lost,8/19/2022,10/4/2022,46,Inbound,,music,,Director of Sales 2,EMEA,Oct 2022,Aug 2022
00606000012yzIl,0011o00001p86APAAY,AE 4,10000,Closed Lost,8/3/2022,10/4/2022,62,Inbound,305,Financial Services,Corporate,Director of Sales 2,EMEA,Oct 2022,Aug 2022
00606000012wTgQ,00106000020qzVPAAY,AE 4,9000,Closed Lost,8/12/2022,10/5/2022,54,Inbound,,internet,,Director of Sales 2,EMEA,Oct 2022,Aug 2022
00606000012wdZB,00106000022mnOWAAY,AE 1,1666.66,Closed Lost,9/7/2022,10/7/2022,30,Inbound,,logistics & supply chain,,Director of Sales 1,APAC,Oct 2022,Sep 2022
00606000012ypwR,00106000021fa1FAAQ,Director of Sales 1,5000,Closed Lost,7/12/2022,10/10/2022,90,Partner Referral,,food production,,Director of Sales 1,APAC,Oct 2022,Jul 2022
00606000012wVC3,00106000020rPClAAM,Director of Sales 1,10000,Closed Lost,8/17/2022,10/10/2022,54,Inbound,,Financial Services,,Director of Sales 1,APAC,Oct 2022,Aug 2022
00606000012xB0d,0010600001xEITvAAO,Director of Sales 1,2500,Closed Lost,3/15/2022,10/10/2022,208,Inbound,,Travel - Hospitality,,Director of Sales 1,APAC,Oct 2022,Mar 2022
00606000012x6ap,0010600001xEAkdAAG,Director of Sales 1,3500,Closed Lost,3/9/2022,10/10/2022,215,Outbound,,Telecommunications,,Director of Sales 1,APAC,Oct 2022,Mar 2022
00606000012xPZ9,0010600001xGMv3AAG,Director of Sales 1,2500,Closed Lost,4/9/2022,10/10/2022,184,Outbound,,,,Director of Sales 1,APAC,Oct 2022,Apr 2022
00606000012xcqs,0010600001xHSDFAA4,Director of Sales 1,17593.5,Closed Lost,4/23/2022,10/10/2022,170,Outbound,,Financial Services - Banking,,Director of Sales 1,APAC,Oct 2022,Apr 2022
00606000012y9MT,00106000020v0EUAAY,Director of Sales 1,4000,Closed Lost,6/3/2022,10/10/2022,129,Inbound,,Apparel & Textile,,Director of Sales 1,APAC,Oct 2022,Jun 2022
00606000014uYMP,00106000023NPhgAAG,AE 5,1363.84,Closed Lost,10/4/2022,10/11/2022,7,Inbound,,logistics and supply chain,,Director of Sales 2,EMEA,Oct 2022,Oct 2022
00606000012xxe3,00106000020trOSAAY,AE 4,1750,Closed Lost,5/18/2022,10/11/2022,146,Inbound,,Other Consumer Goods - Automotive,,Director of Sales 2,EMEA,Oct 2022,May 2022
00606000012waBF,00106000020qztCAAQ,AE 1,1500,Closed Lost,8/30/2022,10/11/2022,42,Outbound,,Mobility & Transportation - Logistics,,Director of Sales 1,APAC,Oct 2022,Aug 2022
00606000012wVxi,00106000020raoXAAQ,AE 4,9000,Closed Lost,8/19/2022,10/12/2022,54,Inbound,,Financial Services,,Director of Sales 2,EMEA,Oct 2022,Aug 2022
00606000014uceo,00106000020u47gAAA,AE 8,2000,Closed Won,10/12/2022,10/13/2022,1,Inbound,43,Financial Services,Growth,Director of Sales 3,AMER,Oct 2022,Oct 2022
00606000012yxcK,00106000022A4qgAAC,AE 4,11729,Closed Lost,7/29/2022,10/14/2022,77,Inbound,,hospital & health care,,Director of Sales 2,EMEA,Oct 2022,Jul 2022
00606000012z1Fe,00106000022AzKEAA0,Director of Sales 1,3500,Closed Lost,8/10/2022,10/14/2022,65,Partner Referral,,e-Commerce,,Director of Sales 1,APAC,Oct 2022,Aug 2022
00606000012xnir,00106000020sgz0AAA,Director of Sales 1,2150,Closed Won,5/3/2022,10/22/2022,172,Partner Referral,20,Agencies / Consultancies / Software Providers - IT Consultancies,Growth,Director of Sales 1,APAC,Oct 2022,May 2022
00606000012xldf,00106000020sT7eAAE,AE 6,3518.7,Closed Lost,4/30/2022,10/25/2022,178,Customer Referral,,,,Director of Sales 2,EMEA,Oct 2022,Apr 2022
00606000014uYGH,00106000023NP4DAAW,AE 6,2932.25,Closed Lost,10/4/2022,10/25/2022,21,Inbound,,transportation/trucking/railroad,,Director of Sales 2,EMEA,Oct 2022,Oct 2022
00606000012woVs,00106000022nXi3AAE,AE 1,4000,Closed Won,9/28/2022,10/25/2022,27,Outbound,191,e-Commerce,Corporate,Director of Sales 1,APAC,Oct 2022,Sep 2022
00606000012waO9,00106000022mBahAAE,AE 8,7500,Closed Won,8/30/2022,10/26/2022,57,Inbound,739,computer software,Corporate,Director of Sales 3,AMER,Oct 2022,Aug 2022
00606000012wiGR,00106000022ndtbAAA,AE 8,3000,Closed Lost,9/16/2022,10/27/2022,41,Inbound,,entertainment,,Director of Sales 3,AMER,Oct 2022,Sep 2022
00606000012wYxl,00106000020rxfSAAQ,AE 1,1800,Closed Won,8/26/2022,10/27/2022,62,Inbound,213,logistics & supply chain,Corporate,Director of Sales 1,APAC,Oct 2022,Aug 2022
00606000012xAaV,0010600001xEb4KAAS,AE 5,52800,Closed Won,3/15/2022,10/29/2022,228,Inbound,8705,Other Consumer Goods,Enterprise,Director of Sales 2,EMEA,Oct 2022,Mar 2022
00606000012yn9I,00106000021fEF4AAM,AE 8,14000,Closed Won,7/6/2022,11/1/2022,118,Inbound,2453,Food & Beverage - Delivery Services,Corporate,Director of Sales 3,AMER,Nov 2022,Jul 2022
00606000012y80j,00106000020usOLAAY,AE 8,1500,Closed Lost,6/1/2022,11/5/2022,157,Inbound,,Financial Services,,Director of Sales 3,AMER,Nov 2022,Jun 2022
00606000012z0CU,00106000022AbB6AAK,AE 8,4000,Closed Lost,8/5/2022,11/8/2022,95,Inbound,,information technology & services,,Director of Sales 3,AMER,Nov 2022,Aug 2022
00606000012yvrA,001060000229pJEAAY,Director of Sales 1,4000,Closed Lost,7/26/2022,11/8/2022,105,Inbound,,consumer goods,,Director of Sales 1,APAC,Nov 2022,Jul 2022
00606000012waBt,00106000022m7qGAAQ,AE 1,3000,Closed Lost,8/30/2022,11/8/2022,70,Outbound,,Mobility & Transportation,,Director of Sales 1,APAC,Nov 2022,Aug 2022
00606000014uiML,00106000023NhYdAAK,AE 1,2000,Closed Lost,10/26/2022,11/8/2022,13,Inbound,,Other - Utilities,,Director of Sales 1,APAC,Nov 2022,Oct 2022
00606000012yzvd,00106000022AXqQAAW,Director of Sales 1,2000,Closed Lost,8/4/2022,11/9/2022,96,Partner Referral,,consumer services,,Director of Sales 1,APAC,Nov 2022,Aug 2022
00606000012xJ1t,0010600001xFTN6AAO,Director of Sales 1,2000,Closed Lost,3/29/2022,11/9/2022,225,Outbound,,Apparel & Textile,,Director of Sales 1,APAC,Nov 2022,Mar 2022
00606000012yrbf,00106000021fkKkAAI,AE 5,6973.8,Closed Lost,7/14/2022,11/9/2022,118,Inbound,,Other Consumer Goods - Electronics,,Director of Sales 2,EMEA,Nov 2022,Jul 2022
00606000012y9MS,00106000020v0ETAAY,Director of Sales 1,6000,Closed Lost,6/3/2022,11/9/2022,159,Outbound,,Apparel & Textile,,Director of Sales 1,APAC,Nov 2022,Jun 2022
00606000014uYuR,00106000023NSxlAAG,Misc. Rep,2200,Closed Won,10/5/2022,11/12/2022,38,Inbound,80,Insurance,Growth,Director of Sales 3,AMER,Nov 2022,Oct 2022
00606000014uckc,00106000022ocqQAAQ,Director of Sales 1,7000,Closed Won,10/13/2022,11/15/2022,33,Partner Referral,447,Food & Beverage - Supermarket Chains,Corporate,Director of Sales 1,APAC,Nov 2022,Oct 2022
00606000012xrWu,00106000020t3ULAAY,Director of Sales 1,3000,Closed Lost,5/7/2022,11/15/2022,192,Outbound,,,,Director of Sales 1,APAC,Nov 2022,May 2022
00606000014unGE,00106000023QaLnAAK,Misc. Rep,3000,Closed Won,11/5/2022,11/16/2022,11,Inbound,65,Health Care,Growth,Director of Sales 3,AMER,Nov 2022,Nov 2022
00606000012wjT2,00106000022oS4zAAE,AE 8,4000,Closed Lost,9/20/2022,11/17/2022,58,Inbound,,,,Director of Sales 3,AMER,Nov 2022,Sep 2022
00606000012wcEb,00106000022ldz4AAA,Director of Sales 1,6000,Closed Lost,9/2/2022,11/19/2022,77,Outbound,,,,Director of Sales 1,APAC,Nov 2022,Sep 2022
00606000012xUri,0010600001xGpt9AAC,AE 4,9000,Closed Lost,4/15/2022,11/22/2022,221,Inbound,,Financial Services,,Director of Sales 2,EMEA,Nov 2022,Apr 2022
00606000012yzE5,00106000022ANbqAAG,Director of Sales 1,4000,Closed Lost,8/3/2022,11/28/2022,117,Inbound,,computer games,,Director of Sales 1,APAC,Nov 2022,Aug 2022
00606000014ulM0,00106000023Poi9AAC,AE 4,40680.5,Closed Lost,11/2/2022,11/29/2022,27,Inbound,,internet,,Director of Sales 2,EMEA,Nov 2022,Nov 2022
00606000014um5j,00106000023Pve5AAC,AE 6,7845.53,Closed Won,11/3/2022,11/29/2022,26,Inbound,88,,Growth,Director of Sales 2,EMEA,Nov 2022,Nov 2022
00606000014usWC,00106000023RUOUAA4,AE 5,4649.2,Closed Lost,11/16/2022,11/29/2022,13,Inbound,,Real Estate,,Director of Sales 2,EMEA,Nov 2022,Nov 2022
00606000012yXRj,00106000021d278AAA,AE 4,4000,Closed Lost,6/17/2022,11/29/2022,165,Inbound,,consumer electronics,,Director of Sales 2,EMEA,Nov 2022,Jun 2022
00606000014ukz6,00106000023PkmHAAS,AE 8,3689,Closed Won,11/1/2022,11/30/2022,29,Inbound,6003,consumer goods,Enterprise,Director of Sales 3,AMER,Nov 2022,Nov 2022
00606000012x9Rm,0010600001xEPlPAAW,AE 4,14499,Closed Won,3/12/2022,12/1/2022,264,Inbound,10109,Health Care,Enterprise,Director of Sales 2,EMEA,Dec 2022,Mar 2022
00606000012y3YV,00106000020umD2AAI,AE 5,33000,Closed Lost,5/26/2022,12/2/2022,190,Inbound,,Food & Beverage - Grocery Shops,,Director of Sales 2,EMEA,Dec 2022,May 2022
00606000014uzZF,00106000022mPxFAAU,AE 1,1500,Closed Lost,11/29/2022,12/3/2022,3,Inbound,,,,Director of Sales 1,APAC,Dec 2022,Nov 2022
00606000014upDH,00106000021egNMAAY,Misc. Rep,1500,Closed Won,11/9/2022,12/9/2022,30,Inbound,57,Financial Services,Growth,Director of Sales 3,AMER,Dec 2022,Nov 2022
00606000012xUot,0010600001xGpgQAAS,AE 5,4000,Closed Lost,4/15/2022,12/10/2022,239,Inbound,,Agencies / Consultancies / Software Providers,,Director of Sales 2,EMEA,Dec 2022,Apr 2022
00606000012yQad,00106000021cJk1AAE,Director of Sales 1,2000,Closed Lost,6/14/2022,12/15/2022,184,Inbound,,internet,,Director of Sales 1,APAC,Dec 2022,Jun 2022
00606000014uwWQ,0010600002483uuAAA,AE 6,1743.45,Closed Lost,11/24/2022,12/15/2022,21,Inbound,,online media,,Director of Sales 2,EMEA,Dec 2022,Nov 2022
00606000012yu5o,00106000021g9iOAAQ,AE 5,4840.98,Closed Won,7/21/2022,12/15/2022,147,Partner Referral,698,,Corporate,Director of Sales 2,EMEA,Dec 2022,Jul 2022
00606000014ufTN,00106000023OZXYAA4,AE 5,9879.55,Closed Lost,10/19/2022,12/16/2022,58,Inbound,,Apparel & Textile,,Director of Sales 2,EMEA,Dec 2022,Oct 2022
00606000014v3uz,001060000249vesAAA,AE 2,2000,Closed Won,12/13/2022,12/17/2022,3,Outbound,12,Food & Beverage - Grocery Shops,Growth,Director of Sales 1,APAC,Dec 2022,Dec 2022
00606000012yzln,00106000022AVjpAAG,AE 4,4649.32,Closed Won,8/4/2022,12/20/2022,138,Partner Referral,3204,mechanical or industrial engineering,Enterprise,Director of Sales 2,EMEA,Dec 2022,Aug 2022
00606000012yixq,00106000021epYmAAI,AE 4,10460.7,Closed Lost,7/1/2022,12/21/2022,173,Inbound,,Retail,,Director of Sales 2,EMEA,Dec 2022,Jul 2022
00606000014uc4H,00106000023O0efAAC,AE 4,,Closed Lost,10/12/2022,12/21/2022,70,Inbound,,automotive,,Director of Sales 2,EMEA,Dec 2022,Oct 2022
00606000014upkG,00106000023R1c4AAC,AE 6,4068.05,Closed Won,11/10/2022,12/22/2022,42,Inbound,95,,Growth,Director of Sales 2,EMEA,Dec 2022,Nov 2022
00606000014v34Z,0010600002493RoAAI,AE 1,2000,Closed Won,12/8/2022,12/23/2022,15,Inbound,50,e-learning,Growth,Director of Sales 1,APAC,Dec 2022,Dec 2022
00606000014umcJ,00106000023QV8dAAG,AE 6,4068.05,Closed Lost,11/4/2022,12/27/2022,53,Inbound,,internet,,Director of Sales 2,EMEA,Dec 2022,Nov 2022
00606000014v5kx,00106000024A8wVAAS,AE 8,1979.86,Closed Won,12/22/2022,12/28/2022,6,Partner Referral,291,Other Consumer Goods - Furniture,Corporate,Director of Sales 3,AMER,Dec 2022,Dec 2022
00606000012wgzX,00106000022nRIsAAM,AE 5,4068.05,Closed Won,9/15/2022,12/29/2022,105,Inbound,645,Apparel & Textile - Clothes,Corporate,Director of Sales 2,EMEA,Dec 2022,Sep 2022
00606000012yDUD,00106000020vbrrAAA,AE 6,4068.05,Closed Lost,6/9/2022,12/30/2022,204,Inbound,,,,Director of Sales 2,EMEA,Dec 2022,Jun 2022
00606000012wTHa,00106000020qtcgAAA,AE 6,2905.75,Closed Lost,8/11/2022,12/30/2022,141,Inbound,,apparel & fashion,,Director of Sales 2,EMEA,Dec 2022,Aug 2022
00606000012z0Re,00106000022Ae1TAAS,AE 6,3486.9,Closed Lost,8/6/2022,12/30/2022,146,Inbound,,entertainment,,Director of Sales 2,EMEA,Dec 2022,Aug 2022
00606000014umU0,00106000023O3IZAA0,AE 6,3486.9,Closed Lost,11/4/2022,12/30/2022,56,Outbound,,,,Director of Sales 2,EMEA,Dec 2022,Nov 2022
00606000012wik7,00106000022njiVAAQ,AE 6,3486.9,Closed Lost,9/17/2022,12/30/2022,104,Inbound,,Financial Services,,Director of Sales 2,EMEA,Dec 2022,Sep 2022
00606000012wm04,00106000022oq2EAAQ,AE 6,5811.5,Closed Lost,9/23/2022,12/30/2022,98,Inbound,,airlines/aviation,,Director of Sales 2,EMEA,Dec 2022,Sep 2022
00606000012yXx6,00106000021d3wpAAA,AE 6,4068.05,Closed Lost,6/17/2022,12/30/2022,196,Inbound,,Agencies / Consultancies / Software Providers - SaaS Companies,,Director of Sales 2,EMEA,Dec 2022,Jun 2022
00606000014uglw,00106000023OoGdAAK,AE 7,20631.81,Closed Lost,10/21/2022,12/30/2022,70,Inbound,,,,Director of Sales 2,EMEA,Dec 2022,Oct 2022
00606000012wVJ4,0010600001xGdvKAAS,AE 6,3486.9,Closed Lost,8/17/2022,12/30/2022,135,Inbound,,Apparel & Textile,,Director of Sales 2,EMEA,Dec 2022,Aug 2022
00606000012wYga,00106000022lhO8AAI,AE 6,3486.9,Closed Lost,8/25/2022,12/30/2022,127,Inbound,,internet,,Director of Sales 2,EMEA,Dec 2022,Aug 2022
00606000014upYA,00106000023R0joAAC,AE 6,2905.75,Closed Lost,11/10/2022,12/30/2022,50,Inbound,,,,Director of Sales 2,EMEA,Dec 2022,Nov 2022
00606000012wmVC,00106000022ornzAAA,AE 1,3000,Closed Won,9/23/2022,12/31/2022,99,Outbound,416,,Corporate,Director of Sales 1,APAC,Dec 2022,Sep 2022
00606000012yahk,00106000021dQy1AAE,Director of Sales 1,,Closed Lost,6/22/2022,1/2/2023,194,Inbound,,music,,Director of Sales 1,APAC,Jan 2023,Jun 2022
00606000012wpFv,00106000022pOAIAA2,Director of Sales 1,8000,Closed Lost,9/29/2022,1/2/2023,95,Inbound,,Retail,,Director of Sales 1,APAC,Jan 2023,Sep 2022
00606000012xsgW,00106000020tE7dAAE,Director of Sales 1,581.15,Closed Lost,5/10/2022,1/2/2023,237,Inbound,,Financial Services,,Director of Sales 1,APAC,Jan 2023,May 2022
00606000012xGaW,0010600001xF83RAAS,Director of Sales 1,4000,Closed Lost,3/24/2022,1/2/2023,284,Partner Referral,,Apparel & Textile,,Director of Sales 1,APAC,Jan 2023,Mar 2022
00606000014v5Ym,00106000024A7cgAAC,AE 9,2000,Closed Lost,12/21/2022,1/4/2023,14,Inbound,,cosmetics,,Director of Sales 3,AMER,Jan 2023,Dec 2022
00606000014v4SO,0010600001xHJt7AAG,AE 5,5000,Closed Lost,12/16/2022,1/6/2023,21,Inbound,,Financial Services,,Director of Sales 2,EMEA,Jan 2023,Dec 2022
00606000012xaXy,0010600001xHJt7AAG,AE 5,4649.2,Closed Lost,4/21/2022,1/6/2023,260,Inbound,,Financial Services,,Director of Sales 2,EMEA,Jan 2023,Apr 2022
00606000014v61y,00106000024ABJFAA4,AE 9,5000,Closed Lost,12/23/2022,1/7/2023,15,Inbound,,staffing & recruiting,,Director of Sales 3,AMER,Jan 2023,Dec 2022
00606000014uvNm,001060000247tD7AAI,AE 9,5000,Closed Lost,11/22/2022,1/7/2023,46,Inbound,,"health, wellness & fitness",,Director of Sales 3,AMER,Jan 2023,Nov 2022
00606000012wglL,00106000022mFzqAAE,AE 1,4000,Closed Lost,9/15/2022,1/10/2023,117,Outbound,,,,Director of Sales 1,APAC,Jan 2023,Sep 2022
00606000012wZ6O,00106000022lns7AAA,AE 1,1500,Closed Lost,8/26/2022,1/10/2023,137,Inbound,,internet,,Director of Sales 1,APAC,Jan 2023,Aug 2022
00606000012wZXU,00106000022ltsJAAQ,Director of Sales 1,4000,Closed Lost,8/27/2022,1/10/2023,136,Inbound,,Financial Services,,Director of Sales 1,APAC,Jan 2023,Aug 2022
00606000014v2RI,001060000248zbkAAA,AE 1,2500,Closed Lost,12/3/2022,1/10/2023,38,Inbound,,Financial Services,,Director of Sales 1,APAC,Jan 2023,Dec 2022
00606000014ukoX,00106000023Pgs9AAC,AE 1,4000,Closed Lost,11/1/2022,1/11/2023,71,Outbound,,Food & Beverage - Delivery Services,,Director of Sales 1,APAC,Jan 2023,Nov 2022
00606000014uiCV,00106000023P8sAAAS,Misc. Rep,58800,Closed Won,10/25/2022,1/11/2023,78,Inbound,2898,information technology & services,Enterprise,Director of Sales 3,AMER,Jan 2023,Oct 2022
00606000012xzxg,00106000020u2jJAAQ,AE 5,17500,Closed Lost,5/20/2022,1/12/2023,237,Inbound,,chemicals,,Director of Sales 2,EMEA,Jan 2023,May 2022
00606000012xzLw,00106000020u0B4AAI,Director of Sales 1,5000,Closed Lost,5/19/2022,1/12/2023,237,Outbound,,,,Director of Sales 1,APAC,Jan 2023,May 2022
00606000012wgi7,0011o00001uTipCAAS,AE 1,1500,Closed Lost,9/15/2022,1/13/2023,120,Outbound,,Financial Services,,Director of Sales 1,APAC,Jan 2023,Sep 2022
00606000014uinl,00106000023NiTKAA0,AE 1,4000,Closed Lost,10/26/2022,1/13/2023,78,Outbound,,Food & Beverage - Delivery Services,,Director of Sales 1,APAC,Jan 2023,Oct 2022
00606000012wbEs,00106000022mIdgAAE,AE 1,4000,Closed Lost,9/1/2022,1/13/2023,134,Inbound,,information technology & services,,Director of Sales 1,APAC,Jan 2023,Sep 2022
00606000014uwfr,0010600002484eIAAQ,AE 5,10460.7,Closed Lost,11/24/2022,1/14/2023,51,Inbound,,,,Director of Sales 2,EMEA,Jan 2023,Nov 2022
00606000014uZ8Y,00106000023NWeJAAW,Director of Sales 1,10000,Closed Lost,10/6/2022,1/18/2023,104,Inbound,,food & beverages,,Director of Sales 1,APAC,Jan 2023,Oct 2022
00606000014uZxT,00106000022nJSQAA2,AE 1,4000,Closed Lost,10/7/2022,1/18/2023,103,Outbound,,,,Director of Sales 1,APAC,Jan 2023,Oct 2022
00606000012yv2l,00106000021gHkFAAU,AE 3,2000,Closed Lost,7/23/2022,1/18/2023,179,Inbound,,restaurants,,Director of Sales 1,APAC,Jan 2023,Jul 2022
00606000012xvep,0011o00001oB9PqAAK,Director of Sales 1,5000,Closed Lost,5/13/2022,1/18/2023,249,Outbound,,,,Director of Sales 1,APAC,Jan 2023,May 2022
00606000012y1gh,00106000020uJMBAA2,Director of Sales 1,3000,Closed Lost,5/24/2022,1/18/2023,239,Outbound,,Health Care,,Director of Sales 1,APAC,Jan 2023,May 2022
00606000012wbFC,00106000022mIjFAAU,AE 1,2000,Closed Lost,9/1/2022,1/18/2023,139,Outbound,,Educational Services - Universities,,Director of Sales 1,APAC,Jan 2023,Sep 2022
00606000012whEw,00106000022nTYIAA2,Misc. Rep,1500,Closed Lost,9/15/2022,1/19/2023,126,Inbound,,,,Director of Sales 3,AMER,Jan 2023,Sep 2022
00606000014uYty,00106000023NU3ZAAW,Misc. Rep,4000,Closed Lost,10/5/2022,1/19/2023,106,Inbound,,,,Director of Sales 3,AMER,Jan 2023,Oct 2022
00606000014v0Rv,001060000248ZK3AAM,Misc. Rep,1500,Closed Lost,11/30/2022,1/19/2023,50,Inbound,,Financial Services,,Director of Sales 3,AMER,Jan 2023,Nov 2022
00606000012xvez,00106000020tYomAAE,Director of Sales 1,3000,Closed Lost,5/13/2022,1/19/2023,250,Outbound,,Food & Beverage - Restaurants,,Director of Sales 1,APAC,Jan 2023,May 2022
00606000014uidR,00106000023PE6FAAW,Misc. Rep,5000,Closed Lost,10/26/2022,1/19/2023,85,Inbound,,gambling & casinos,,Director of Sales 3,AMER,Jan 2023,Oct 2022
00606000014v48S,001060000249y3uAAA,Misc. Rep,3000,Closed Lost,12/14/2022,1/19/2023,36,Inbound,,marketing & advertising,,Director of Sales 3,AMER,Jan 2023,Dec 2022
00606000012wdoz,00106000022mprqAAA,Misc. Rep,2000,Closed Lost,9/7/2022,1/19/2023,134,Inbound,,online media,,Director of Sales 3,AMER,Jan 2023,Sep 2022
006060000136BiE,0011o00001uSHNwAAO,Director of Sales 1,15500,Closed Lost,3/4/2022,1/19/2023,321,Outbound,,Agencies / Consultancies / Software Providers,,Director of Sales 1,APAC,Jan 2023,Mar 2022
00606000012yPPy,00106000020sFekAAE,AE 3,240000,Qualifying,6/11/2022,1/20/2023,291,Customer Referral,,Food & Beverage,,Director of Sales 1,APAC,Jan 2023,Jun 2022
00606000012xwJ9,00106000020tl98AAA,AE 2,4000,Closed Lost,5/17/2022,1/20/2023,248,Inbound,,,,Director of Sales 1,APAC,Jan 2023,May 2022
00606000012wUhe,00106000020rIvPAAU,AE 4,10460.7,Closed Lost,8/16/2022,1/20/2023,157,Inbound,,internet,,Director of Sales 2,EMEA,Jan 2023,Aug 2022
00606000012xNWz,0010600001xG7mVAAS,Director of Sales 1,2000,Closed Lost,4/6/2022,1/20/2023,289,Outbound,,,,Director of Sales 1,APAC,Jan 2023,Apr 2022
00606000012bHZs,0010600001z4sbKAAQ,AE 8,9000,Closed Lost,1/27/2022,1/21/2023,359,Inbound,,Financial Services,,Director of Sales 3,AMER,Jan 2023,Jan 2022
00606000012yoQj,00106000021fLw0AAE,AE 4,9000,Closed Lost,7/8/2022,1/24/2023,200,Inbound,,automotive,,Director of Sales 2,EMEA,Jan 2023,Jul 2022
00606000014ukxU,00106000022opN6AAI,AE 1,6000,Closed Won,11/1/2022,1/24/2023,84,Outbound,58,Food & Beverage - Delivery Services,Growth,Director of Sales 1,APAC,Jan 2023,Nov 2022
00606000012ystN,00106000021fsZqAAI,AE 4,10460.7,Closed Lost,7/16/2022,1/24/2023,192,Inbound,,broadcast media,,Director of Sales 2,EMEA,Jan 2023,Jul 2022
00606000014v4HB,001060000249za0AAA,AE 4,6973.8,Closed Won,12/15/2022,1/24/2023,40,Inbound,302,Insurance,Corporate,Director of Sales 2,EMEA,Jan 2023,Dec 2022
00606000012xU2L,0010600001xGmCCAA0,AE 8,10900,Closed Lost,4/14/2022,1/25/2023,286,Inbound,,Apparel & Textile - Clothes,,Director of Sales 3,AMER,Jan 2023,Apr 2022
00606000012z01H,00106000022AYwEAAW,AE 4,9000,Closed Lost,8/5/2022,1/25/2023,173,Inbound,,Financial Services - Banking,,Director of Sales 2,EMEA,Jan 2023,Aug 2022
00606000014umkD,00106000023QWLEAA4,AE 8,10000,Closed Lost,11/4/2022,1/26/2023,83,Partner Referral,,consumer electronics,,Director of Sales 3,AMER,Jan 2023,Nov 2022
00606000012yOHo,00106000020vjOnAAI,AE 5,10000,Closed Won,6/10/2022,1/26/2023,230,Inbound,4,internet,Growth,Director of Sales 2,EMEA,Jan 2023,Jun 2022
00606000012y18p,00106000020u8ekAAA,Misc. Rep,2000,Closed Lost,5/21/2022,1/26/2023,250,Inbound,,Travel - Hospitality,,Director of Sales 3,AMER,Jan 2023,May 2022
00606000014uWmX,00106000022paV1AAI,AE 8,,Closed Lost,9/30/2022,1/26/2023,117,Partner Referral,,Retail,,Director of Sales 3,AMER,Jan 2023,Sep 2022
00606000014v3Md,001060000249Q33AAE,AE 9,10000,Closed Lost,12/9/2022,1/26/2023,48,Inbound,,music,,Director of Sales 3,AMER,Jan 2023,Dec 2022
00606000014v3f6,001060000249qjCAAQ,AE 7,5811.5,Closed Lost,12/10/2022,1/26/2023,47,Inbound,,internet,,Director of Sales 2,EMEA,Jan 2023,Dec 2022
00606000012bA7t,0010600001z3qxIAAQ,AE 8,4000,Closed Lost,1/15/2022,1/26/2023,376,Inbound,,Other Consumer Goods - Cosmetics,,Director of Sales 3,AMER,Jan 2023,Jan 2022
00606000012xyrX,00106000020txGGAAY,AE 8,3000,Closed Lost,5/19/2022,1/27/2023,253,Inbound,,Agencies / Consultancies / Software Providers - Marketing Agencies,,Director of Sales 3,AMER,Jan 2023,May 2022
00606000012yxHC,00106000022A2WyAAK,AE 1,1500,Closed Lost,7/28/2022,1/28/2023,183,Inbound,,logistics & supply chain,,Director of Sales 1,APAC,Jan 2023,Jul 2022
00606000012yeAQ,00106000021e5c0AAA,AE 8,2750,Closed Lost,6/24/2022,1/29/2023,219,Inbound,,cosmetics,,Director of Sales 3,AMER,Jan 2023,Jun 2022
00606000012yCPb,00106000020vR3MAAU,AE 6,6392.65,Closed Won,6/8/2022,1/31/2023,237,Inbound,110,information technology and services,Corporate,Director of Sales 2,EMEA,Jan 2023,Jun 2022
00606000014v32s,001060000249NcLAAU,AE 6,4649.2,Closed Lost,12/7/2022,1/31/2023,55,Inbound,,internet,,Director of Sales 2,EMEA,Jan 2023,Dec 2022
00606000014v5CM,00106000024A5mkAAC,AE 7,1743.45,Closed Lost,12/20/2022,2/1/2023,43,Inbound,,Retail,,Director of Sales 2,EMEA,Feb 2023,Dec 2022
00606000012bHZO,0010600001z4sYfAAI,AE 8,9000,Closed Lost,1/27/2022,2/1/2023,370,Inbound,,Financial Services,,Director of Sales 3,AMER,Feb 2023,Jan 2022
00606000014ufUQ,00106000023OZkcAAG,AE 4,17434.5,Closed Lost,10/19/2022,2/2/2023,106,Drift,,hospitality,,Director of Sales 2,EMEA,Feb 2023,Oct 2022
00606000012woYD,00106000022pIe8AAE,AE 4,15000,Closed Lost,9/28/2022,2/2/2023,127,Inbound,,consumer goods,,Director of Sales 2,EMEA,Feb 2023,Sep 2022
00606000014v1KE,001060000248d7GAAQ,AE 5,4649.2,Closed Lost,12/1/2022,2/3/2023,64,Inbound,,apparel & fashion,,Director of Sales 2,EMEA,Feb 2023,Dec 2022
00606000014uwf8,0010600002484B6AAI,AE 1,6000,Closed Lost,11/24/2022,2/4/2023,72,Inbound,,hospitality,,Director of Sales 1,APAC,Feb 2023,Nov 2022
00606000012woCH,0011o00001jdAErAAM,AE 6,9685.45,Closed Won,9/27/2022,2/4/2023,130,Partner Referral,561,apparel & fashion,Corporate,Director of Sales 2,EMEA,Feb 2023,Sep 2022
00606000012b5Dq,0010600001z3JW4AAM,AE 6,5811.5,Closed Lost,1/8/2022,2/4/2023,392,Partner Referral,,Other Consumer Goods,,Director of Sales 2,EMEA,Feb 2023,Jan 2022
00606000014v0Fz,001060000248YLZAA2,AE 5,9879.55,Closed Lost,11/30/2022,2/7/2023,69,Inbound,,apparel & fashion,,Director of Sales 2,EMEA,Feb 2023,Nov 2022
00606000014uex7,00106000023OUJ3AAO,AE 3,5000,Closed Lost,10/18/2022,2/7/2023,112,Partner Referral,,,,Director of Sales 1,APAC,Feb 2023,Oct 2022
00606000014urb6,00106000023RNTpAAO,AE 5,4649.2,Closed Lost,11/15/2022,2/7/2023,84,Inbound,,internet,,Director of Sales 2,EMEA,Feb 2023,Nov 2022
00606000012warp,00106000021eajjAAA,AE 4,,Closed Lost,8/31/2022,2/7/2023,160,Outbound,,,,Director of Sales 2,EMEA,Feb 2023,Aug 2022
00606000012yzLp,00106000022APeMAAW,Director of Sales 1,9298.4,Closed Lost,8/3/2022,2/8/2023,189,Inbound,,Financial Services,,Director of Sales 1,APAC,Feb 2023,Aug 2022
00606000014uakL,00106000023NkLGAA0,AE 8,18000,Closed Lost,10/8/2022,2/8/2023,123,Inbound,,consumer electronics,,Director of Sales 3,AMER,Feb 2023,Oct 2022
00606000012yxue,00106000022A78yAAC,AE 3,4000,Closed Lost,7/29/2022,2/8/2023,193,Outbound,,Wellness & Fitness - Sports Platforms,,Director of Sales 1,APAC,Feb 2023,Jul 2022
00606000014v1Ju,001060000248d6NAAQ,AE 4,69738,Closed Lost,12/1/2022,2/10/2023,71,Inbound,,information technology & services,,Director of Sales 2,EMEA,Feb 2023,Dec 2022
00606000014uo5g,00106000023QmmXAAS,AE 5,55790.4,Closed Lost,11/8/2022,2/11/2023,95,Inbound,,internet,,Director of Sales 2,EMEA,Feb 2023,Nov 2022
00606000014uvHZ,001060000247sitAAA,AE 6,46492,Closed Lost,11/22/2022,2/11/2023,81,Inbound,,medical devices,,Director of Sales 2,EMEA,Feb 2023,Nov 2022
00606000014uf01,00106000023OVIxAAO,AE 5,69738,Closed Lost,10/18/2022,2/11/2023,116,Inbound,,,,Director of Sales 2,EMEA,Feb 2023,Oct 2022
00606000012b9Cx,0010600001xx5xKAAQ,AE 8,108000,Closed Lost,1/14/2022,2/13/2023,395,Customer Referral,,,,Director of Sales 3,AMER,Feb 2023,Jan 2022
00606000014uyZs,001060000248OgyAAE,AE 4,5000,Closed Won,11/29/2022,2/14/2023,77,Inbound,316,information technology & services,Corporate,Director of Sales 2,EMEA,Feb 2023,Nov 2022
00606000012xygP,0010600001z6LLlAAM,AE 6,4000,Closed Won,5/19/2022,2/14/2023,271,Inbound,46,Other,Growth,Director of Sales 2,EMEA,Feb 2023,May 2022
00606000012b7nC,0010600001z3alMAAQ,AE 8,60000,Closed Lost,1/13/2022,2/14/2023,397,Inbound,,Apparel & Textile,,Director of Sales 3,AMER,Feb 2023,Jan 2022
00606000012yRoT,00106000021ceSRAAY,AE 8,108000,Closed Lost,6/15/2022,2/15/2023,245,Inbound,,consumer goods,,Director of Sales 3,AMER,Feb 2023,Jun 2022
00606000012wfnA,00106000022nEeQAAU,AE 5,60000,Closed Lost,9/13/2022,2/15/2023,155,Inbound,,Financial Services,,Director of Sales 2,EMEA,Feb 2023,Sep 2022
00606000012xHT2,0010600001xFE9NAAW,Executive 1,1162.3,Closed Lost,3/25/2022,2/15/2023,327,Inbound,,Telecommunications,,IC,Other,Feb 2023,Mar 2022
00606000014uwLS,0010600002482fpAAA,AE 8,108000,Closed Lost,11/23/2022,2/17/2023,85,Inbound,,hospitality,,Director of Sales 3,AMER,Feb 2023,Nov 2022
00606000012z1Xn,00106000022B2aGAAS,AE 8,108000,Closed Lost,8/10/2022,2/18/2023,192,Inbound,,Financial Services,,Director of Sales 3,AMER,Feb 2023,Aug 2022
00606000014ukpp,00106000022paiHAAQ,AE 1,48000,Closed Lost,11/1/2022,2/21/2023,112,Outbound,,Marketplace,,Director of Sales 1,APAC,Feb 2023,Nov 2022
00606000014v3EP,001060000249OslAAE,AE 1,60000,Closed Lost,12/8/2022,2/21/2023,74,Inbound,,,,Director of Sales 1,APAC,Feb 2023,Dec 2022
00606000012ykz1,00106000021ey6pAAA,AE 8,48000,Closed Lost,7/2/2022,2/22/2023,235,Inbound,,logistics and supply chain,,Director of Sales 3,AMER,Feb 2023,Jul 2022
00606000012yuOq,00106000021gBbQAAU,AE 8,108000,Closed Lost,7/21/2022,2/28/2023,222,Partner Referral,,Food & Beverage - Restaurants,,Director of Sales 3,AMER,Feb 2023,Jul 2022
00606000012wftw,00106000020rUj6AAE,VP of CS,180000,Scoping,9/13/2022,2/28/2023,197,Customer Referral,,Retail,,IC,Other,Feb 2023,Sep 2022
00606000012yxzy,0010600001xuDwjAAE,AE 5,48000,Closed Lost,7/30/2022,3/2/2023,215,Inbound,,Apparel & Textile - Sportswear / Sports Gear,,Director of Sales 2,EMEA,Mar 2023,Jul 2022
00606000014v5lg,00106000024A8z0AAC,AE 5,55790.4,Closed Lost,12/22/2022,3/2/2023,70,Inbound,,computer & network security,,Director of Sales 2,EMEA,Mar 2023,Dec 2022
00606000012bHgK,0010600001z4y1UAAQ,AE 5,24000,Closed Lost,1/28/2022,3/2/2023,398,Inbound,,Wellness & Fitness,,Director of Sales 2,EMEA,Mar 2023,Jan 2022
00606000012yvFa,00106000021fngZAAQ,Partner Manager,,Closed Lost,7/23/2022,3/3/2023,223,Partner Referral,,information technology & services,,IC,Other,Mar 2023,Jul 2022
00606000014urNs,00106000023R6YzAAK,AE 1,24000,Closed Lost,11/15/2022,3/4/2023,109,Inbound,,internet,,Director of Sales 1,APAC,Mar 2023,Nov 2022
00606000014v03y,001060000248XkOAAU,AE 4,120000,Closed Lost,11/30/2022,3/7/2023,97,Inbound,,Retail,,Director of Sales 2,EMEA,Mar 2023,Nov 2022
00606000012b4o2,0010600001z3H4OAAU,AE 11,9500,Closed Lost,1/7/2022,3/8/2023,425,Inbound,,Wellness & Fitness,,Director of Sales 3,AMER,Mar 2023,Jan 2022
00606000014v1PJ,001060000248da3AAA,AE 11,30000,Closed Lost,12/1/2022,3/8/2023,97,Inbound,,apparel & fashion,,Director of Sales 3,AMER,Mar 2023,Dec 2022
00606000012yzpV,00106000022AWcHAAW,AE 8,60000,Closed Lost,8/4/2022,3/8/2023,216,Inbound,,consumer services,,Director of Sales 3,AMER,Mar 2023,Aug 2022
00606000012wn7a,00106000022oz1BAAQ,AE 5,55790.4,Closed Lost,9/24/2022,3/9/2023,166,Inbound,,farming,,Director of Sales 2,EMEA,Mar 2023,Sep 2022
00606000014ujtv,00106000022pcTtAAI,AE 1,60000,Closed Lost,10/29/2022,3/10/2023,132,Outbound,,Financial Services - Banking,,Director of Sales 1,APAC,Mar 2023,Oct 2022
00606000012xkXv,00106000020sNiqAAE,AE 5,120000,Closed Lost,4/29/2022,3/14/2023,319,Inbound,,internet,,Director of Sales 2,EMEA,Mar 2023,Apr 2022
00606000014uYtx,00106000023NU3YAAW,AE 11,30000,Closed Lost,10/5/2022,3/14/2023,160,Inbound,,Financial Services,,Director of Sales 3,AMER,Mar 2023,Oct 2022
00606000012wXjn,00106000020s1HoAAI,AE 11,30000,Closed Lost,8/23/2022,3/14/2023,203,Inbound,,information technology & services,,Director of Sales 3,AMER,Mar 2023,Aug 2022
00606000012xNCa,0010600001xF7gXAAS,AE 2,96000,Closed Lost,4/6/2022,3/14/2023,342,Outbound,,,,Director of Sales 1,APAC,Mar 2023,Apr 2022
00606000014ukqd,00106000023OAtUAAW,AE 1,24000,Closed Lost,11/1/2022,3/15/2023,134,Outbound,,Financial Services - Peer-to-peer lending,,Director of Sales 1,APAC,Mar 2023,Nov 2022
00606000012wZ1x,00106000022lmz3AAA,AE 5,7438.72,Closed Won,8/26/2022,3/17/2023,203,Inbound,,information technology & services,,Director of Sales 2,EMEA,Mar 2023,Aug 2022
00606000014v2ru,001060000249M2gAAE,AE 9,,Closed Lost,12/6/2022,3/18/2023,102,Inbound,,automotive,,Director of Sales 3,AMER,Mar 2023,Dec 2022
00606000014uqpg,00106000023R6dJAAS,AE 1,24000,Closed Lost,11/12/2022,3/21/2023,129,Inbound,,consumer services,,Director of Sales 1,APAC,Mar 2023,Nov 2022
00606000014v5Af,00106000022pQfTAAU,AE 4,120000,Closed Lost,12/20/2022,3/22/2023,92,Outbound,,,,Director of Sales 2,EMEA,Mar 2023,Dec 2022
00606000014ukqJ,00106000023OsOLAA0,AE 1,120000,Closed Lost,11/1/2022,3/22/2023,141,Inbound,,information technology & services,,Director of Sales 1,APAC,Mar 2023,Nov 2022
00606000014v5l7,00106000024A8xnAAC,AE 4,,Closed Lost,12/22/2022,3/22/2023,90,Inbound,,Travel - Travel Agencies,,Director of Sales 2,EMEA,Mar 2023,Dec 2022
00606000012wcKo,00106000022mVvoAAE,AE 6,48816.6,Closed Lost,9/3/2022,3/22/2023,200,Inbound,,individual & family services,,Director of Sales 2,EMEA,Mar 2023,Sep 2022
00606000012yxwu,00106000022A7w0AAC,AE 6,48816.6,Closed Lost,7/30/2022,3/23/2023,236,Inbound,,Telecommunications,,Director of Sales 2,EMEA,Mar 2023,Jul 2022
00606000014uiYW,00106000023PCWjAAO,AE 6,41842.8,Closed Lost,10/26/2022,3/23/2023,148,Inbound,,internet,,Director of Sales 2,EMEA,Mar 2023,Oct 2022
00606000012x50C,0010600001xDyNzAAK,AE 6,139476,Closed Lost,3/5/2022,3/23/2023,383,Inbound,,Other Consumer Goods - Electronics,,Director of Sales 2,EMEA,Mar 2023,Mar 2022
00606000012bE9Q,0010600001z4Y78AAE,AE 4,48000,Closed Lost,1/22/2022,3/23/2023,425,Inbound,,Food & Beverage - Delivery Services,,Director of Sales 2,EMEA,Mar 2023,Jan 2022
00606000012y5C7,00106000020ucsuAAA,AE 5,48000,Closed Lost,5/28/2022,3/23/2023,299,Inbound,,Agencies / Consultancies / Software Providers - SaaS Companies,,Director of Sales 2,EMEA,Mar 2023,May 2022
00606000014v652,00106000024ABlUAAW,AE 9,120000,Closed Lost,12/23/2022,3/24/2023,91,Partner Referral,,Retail,,Director of Sales 3,AMER,Mar 2023,Dec 2022
00606000012wYsC,00106000022lkNHAAY,AE 8,130000,Closed Won,8/25/2022,3/25/2023,212,Inbound,,food & beverages,,Director of Sales 3,AMER,Mar 2023,Aug 2022
00606000014ufoV,00106000023OcWyAAK,AE 5,1510.99,Closed Won,10/19/2022,3/28/2023,160,Inbound,,information technology & services,,Director of Sales 2,EMEA,Mar 2023,Oct 2022
00606000012wi1b,00106000022nbUnAAI,AE 6,125528.4,Signing,9/16/2022,3/31/2023,194,Partner Referral,,Food & Beverage,,Director of Sales 2,EMEA,Mar 2023,Sep 2022
00606000014ubaC,00106000023NhYJAA0,AE 1,60000,Contracting,10/11/2022,3/31/2023,169,Outbound,,Financial Services - Peer-to-peer lending,,Director of Sales 1,APAC,Mar 2023,Oct 2022
00606000014uwey,00106000022mshDAAQ,AE 1,48000,Proving,11/24/2022,3/31/2023,125,Outbound,,,,Director of Sales 1,APAC,Mar 2023,Nov 2022
00606000012xXaG,0010600001xH8HtAAK,Director of Sales 1,110400,Contracting,4/19/2022,3/31/2023,344,Partner Referral,,Other,,Director of Sales 1,APAC,Mar 2023,Apr 2022
00606000014v7P1,00106000024AOQ6AAO,AE 9,60000,Scoping,12/30/2022,4/22/2023,89,Inbound,,Retail,,Director of Sales 3,AMER,Apr 2023,Dec 2022
00606000014v5Kf,0012400000ybhoBAAQ,AE 4,120000,Contracting,12/21/2022,4/30/2023,98,Employee Referral,,,,Director of Sales 2,EMEA,Apr 2023,Dec 2022
00606000014ualT,00106000023NkqhAAC,AE 8,187000,Contracting,10/8/2022,4/30/2023,172,Inbound,,information technology & services,,Director of Sales 3,AMER,Apr 2023,Oct 2022
00606000012y0JD,00106000020u5FZAAY,Director of Sales 1,48000,Proving,5/20/2022,4/30/2023,312,Outbound,,Food & Beverage - Restaurants,,Director of Sales 1,APAC,Apr 2023,May 2022
00606000012wpiT,00106000022pSP4AAM,AE 10,60000,Proving,9/29/2022,4/30/2023,181,Inbound,,,,Director of Sales 3,AMER,Apr 2023,Sep 2022
00606000014v488,001060000249xxhAAA,AE 10,60000,Negotiating,12/14/2022,4/30/2023,105,Inbound,,consumer services,,Director of Sales 3,AMER,Apr 2023,Dec 2022
00606000014utqD,001060000247d5VAAQ,AE 5,42540.18,Negotiating,11/18/2022,4/30/2023,131,Inbound,,apparel & fashion,,Director of Sales 2,EMEA,Apr 2023,Nov 2022
00606000012xXbY,0010600001xH8QZAA0,AE 2,60000,Qualifying,4/19/2022,4/30/2023,344,Outbound,,Financial Services,,Director of Sales 1,APAC,Apr 2023,Apr 2022
00606000012y8r4,00106000020uwu6AAA,AE 8,33000,Proving,6/2/2022,4/30/2023,300,Inbound,,Financial Services - Banking,,Director of Sales 3,AMER,Apr 2023,Jun 2022
00606000014v29i,00106000024908vAAA,AE 3,60000,Proving,12/3/2022,5/11/2023,116,Inbound,,computer software,,Director of Sales 1,APAC,May 2023,Dec 2022
00606000012wgen,00106000022nOMnAAM,AE 3,90000,Negotiating,9/14/2022,5/13/2023,195,Inbound,,food & beverages,,Director of Sales 1,APAC,May 2023,Sep 2022
00606000012waCc,00106000022m92QAAQ,AE 2,24000,Proving,8/30/2022,5/16/2023,211,Inbound,,information technology & services,,Director of Sales 1,APAC,May 2023,Aug 2022
00606000012wYnb,00106000022lj1EAAQ,AE 6,162722,Contracting,8/25/2022,5/25/2023,216,Inbound,,food & beverages,,Director of Sales 2,EMEA,May 2023,Aug 2022
00606000012ym6w,00106000021f63iAAA,Director of Sales 1,167371.2,Qualifying,7/5/2022,5/26/2023,267,Partner Referral,,"leisure, travel & tourism",,Director of Sales 1,APAC,May 2023,Jul 2022
00606000014v1P4,001060000248dYgAAI,AE 6,139476,Proving,12/1/2022,5/27/2023,118,Inbound,,tobacco,,Director of Sales 2,EMEA,May 2023,Dec 2022
00606000012yCyb,00106000020vWbqAAE,AE 3,60000,Qualifying,6/9/2022,5/31/2023,293,Inbound,1001,entertainment,Corporate,Director of Sales 1,APAC,May 2023,Jun 2022
00606000014uwrJ,0011o00001kD5hQAAS,AE 8,96000,Proving,11/24/2022,5/31/2023,125,Inbound,,hospitality,,Director of Sales 3,AMER,May 2023,Nov 2022
00606000014ufJ3,0011o00001luIAEAA2,AE 4,,Qualifying,10/18/2022,5/31/2023,162,Partner Referral,,,,Director of Sales 2,EMEA,May 2023,Oct 2022
00606000014uhi1,00106000023P45vAAC,AE 7,346614.44,Negotiating,10/24/2022,5/31/2023,156,Partner Referral,,Food & Beverage - Delivery Services,,Director of Sales 2,EMEA,May 2023,Oct 2022
00606000012xOnJ,00106000020u5FZAAY,Director of Sales 1,48000,Proving,4/8/2022,5/31/2023,355,Outbound,,Food & Beverage - Restaurants,,Director of Sales 1,APAC,May 2023,Apr 2022
00606000014v2vN,001060000249MUqAAM,AE 9,50400,Proving,12/6/2022,5/31/2023,113,Inbound,,Retail,,Director of Sales 3,AMER,May 2023,Dec 2022
00606000014v2lw,00106000021dNPPAA2,AE 5,55790.4,Proving,12/6/2022,5/31/2023,113,Inbound,,Financial Services,,Director of Sales 2,EMEA,May 2023,Dec 2022
00606000012bUDP,0010600001z6E9gAAE,AE 6,84000,Scoping,2/16/2022,5/31/2023,406,Inbound,,Agencies / Consultancies / Software Providers,,Director of Sales 2,EMEA,May 2023,Feb 2022
00606000012xCZj,0010600001xEl6lAAC,AE 2,60000,Qualifying,3/18/2022,5/31/2023,376,Outbound,,Other,,Director of Sales 1,APAC,May 2023,Mar 2022
00606000012xEaU,0010600001xEkw6AAC,Director of Sales 1,36000,Qualifying,3/22/2022,5/31/2023,372,Outbound,,,,Director of Sales 1,APAC,May 2023,Mar 2022
00606000012xXZm,0010600001xH8JJAA0,Director of Sales 1,126000,Proving,4/19/2022,5/31/2023,344,Inbound,,Other Consumer Goods - Electronics,,Director of Sales 1,APAC,May 2023,Apr 2022
00606000012yC01,00106000020vOuRAAU,AE 3,120000,Scoping,6/8/2022,6/23/2023,294,Outbound,201,Financial Services,Corporate,Director of Sales 1,APAC,Jun 2023,Jun 2022
00606000012yqAT,0011o00001qZbxxAAC,AE 4,348000,Negotiating,7/12/2022,6/24/2023,260,Inbound,,Retail,,Director of Sales 2,EMEA,Jun 2023,Jul 2022
00606000014v39j,001060000249OlBAAU,AE 9,120000,Scoping,12/8/2022,6/24/2023,111,Inbound,,,,Director of Sales 3,AMER,Jun 2023,Dec 2022
00606000014v7dX,00106000020umD2AAI,AE 9,348000,Proving,12/31/2022,6/24/2023,88,Inbound,,Food & Beverage - Grocery Shops,,Director of Sales 3,AMER,Jun 2023,Dec 2022
00606000012z1KP,00106000022B1E8AAK,AE 4,96000,Proving,8/10/2022,6/30/2023,231,Inbound,,Financial Services,,Director of Sales 2,EMEA,Jun 2023,Aug 2022
00606000012yzJZ,0010600001xH8JJAA0,Director of Sales 1,126000,Qualifying,8/3/2022,6/30/2023,238,Outbound,,Other Consumer Goods - Electronics,,Director of Sales 1,APAC,Jun 2023,Aug 2022
00606000014ultx,00106000023PtynAAC,AE 6,209214,Proving,11/3/2022,6/30/2023,146,Inbound,,internet,,Director of Sales 2,EMEA,Jun 2023,Nov 2022
00606000014uyt9,001060000247aFYAAY,AE 5,55790.4,Proving,11/29/2022,6/30/2023,120,Inbound,,consumer services,,Director of Sales 2,EMEA,Jun 2023,Nov 2022
00606000012yxuj,00106000022A7C4AAK,AE 2,24000,Proving,7/29/2022,6/30/2023,242,Outbound,,Financial Services,,Director of Sales 1,APAC,Jun 2023,Jul 2022
00606000014v5Bs,001060000249tWOAAY,AE 1,48000,Scoping,12/20/2022,6/30/2023,99,Inbound,,information technology & services,,Director of Sales 1,APAC,Jun 2023,Dec 2022
00606000014ujqm,00106000023PUuKAAW,AE 4,69738,Proving,10/29/2022,6/30/2023,151,Inbound,,,,Director of Sales 2,EMEA,Jun 2023,Oct 2022
00606000014ujZg,00106000023PPveAAG,AE 8,60000,Scoping,10/28/2022,6/30/2023,152,Inbound,,biotechnology,,Director of Sales 3,AMER,Jun 2023,Oct 2022
00606000014uiMa,00106000023PAxUAAW,AE 1,48000,Qualifying,10/26/2022,6/30/2023,154,Inbound,,,,Director of Sales 1,APAC,Jun 2023,Oct 2022
00606000014ukj8,00106000023PhowAAC,AE 8,24000,Proving,11/1/2022,6/30/2023,148,Customer Referral,,Other Consumer Goods - Furniture,,Director of Sales 3,AMER,Jun 2023,Nov 2022
00606000014v395,001060000249NisAAE,AE 8,450000,Proving,12/8/2022,6/30/2023,111,Inbound,,"health, wellness & fitness",,Director of Sales 3,AMER,Jun 2023,Dec 2022
00606000014v4Tb,001060000249z89AAA,AE 1,48000,Qualifying,12/16/2022,6/30/2023,103,Inbound,,consumer services,,Director of Sales 1,APAC,Jun 2023,Dec 2022
00606000012weck,00106000022myG7AAI,Director of Sales 1,120000,Qualifying,9/9/2022,6/30/2023,201,Outbound,,internet,,Director of Sales 1,APAC,Jun 2023,Sep 2022
00606000012xuuN,00106000020tR3nAAE,AE 6,69738,Qualifying,5/12/2022,6/30/2023,321,Inbound,,Apparel & Textile,,Director of Sales 2,EMEA,Jun 2023,May 2022
00606000012xPdB,0010600001xGN4AAAW,Director of Sales 1,57600,Proving,4/9/2022,6/30/2023,354,Outbound,,Financial Services,,Director of Sales 1,APAC,Jun 2023,Apr 2022
00606000014v5Cb,00106000024A65oAAC,AE 1,48000,Proving,12/20/2022,6/30/2023,99,Inbound,,apparel & fashion,,Director of Sales 1,APAC,Jun 2023,Dec 2022
00606000012y9Da,0012400000maA1SAAU,AE 6,104607,Proving,6/3/2022,6/30/2023,299,Employee Referral,,e-Commerce,,Director of Sales 2,EMEA,Jun 2023,Jun 2022
00606000014v3v4,001060000249vmrAAA,AE 2,48000,Proving,12/13/2022,7/1/2023,105,Outbound,,Mobility & Transportation - Logistics,,Director of Sales 1,APAC,Jul 2023,Dec 2022
00606000012yTNf,00106000021ck4nAAA,Director of Sales 1,240000,Qualifying,6/16/2022,7/13/2023,286,Partner Referral,,Financial Services,,Director of Sales 1,APAC,Jul 2023,Jun 2022
00606000014v5b7,00106000024A7rCAAS,AE 9,120000,Scoping,12/21/2022,7/22/2023,98,Inbound,,pharmaceuticals,,Director of Sales 3,AMER,Jul 2023,Dec 2022
00606000014v0as,001060000248aEOAAY,AE 7,69738,Scoping,11/30/2022,7/29/2023,119,Inbound,,information technology & services,,Director of Sales 2,EMEA,Jul 2023,Nov 2022
00606000014urPF,00106000020rVzKAAU,AE 2,36000,Qualifying,11/15/2022,7/29/2023,134,Outbound,,,,Director of Sales 1,APAC,Jul 2023,Nov 2022
00606000014v4QV,00106000024A0ZtAAK,AE 8,60000,Qualifying,12/16/2022,7/30/2023,103,Inbound,,consumer goods,,Director of Sales 3,AMER,Jul 2023,Dec 2022
00606000012yCVy,00106000020vReFAAU,AE 8,120000,Scoping,6/8/2022,7/31/2023,294,Inbound,,Retail,,Director of Sales 3,AMER,Jul 2023,Jun 2022
00606000012xjrG,00106000020sISjAAM,AE 5,55790.4,Proving,4/28/2022,7/31/2023,335,Inbound,,Financial Services,,Director of Sales 2,EMEA,Jul 2023,Apr 2022
00606000012yxH7,00106000022A2WZAA0,AE 8,60000,Proving,7/28/2022,7/31/2023,243,Inbound,,internet,,Director of Sales 3,AMER,Jul 2023,Jul 2022
00606000014upBQ,00106000023Qv2SAAS,AE 5,22316.16,Proving,11/9/2022,7/31/2023,140,Partner Referral,,e-Commerce,,Director of Sales 2,EMEA,Jul 2023,Nov 2022
00606000014ulal,00106000023Pq1PAAS,AE 10,30000,Proving,11/2/2022,7/31/2023,147,Inbound,,Financial Services,,Director of Sales 3,AMER,Jul 2023,Nov 2022
00606000012wiH5,00106000022neCOAAY,AE 8,36000,Qualifying,9/16/2022,7/31/2023,194,Inbound,,computer software,,Director of Sales 3,AMER,Jul 2023,Sep 2022
00606000012yquM,00106000021ffbAAAQ,AE 8,108000,Scoping,7/13/2022,7/31/2023,259,Inbound,,restaurants,,Director of Sales 3,AMER,Jul 2023,Jul 2022
00606000012wVgr,00106000020rWwDAAU,AE 8,48000,Qualifying,8/18/2022,7/31/2023,223,Inbound,,wholesale,,Director of Sales 3,AMER,Jul 2023,Aug 2022
00606000014v34U,001060000249Nu8AAE,AE 8,24000,Proving,12/7/2022,7/31/2023,112,Inbound,,consumer goods,,Director of Sales 3,AMER,Jul 2023,Dec 2022
00606000014v1V2,001060000248exeAAA,AE 10,60000,Scoping,12/1/2022,7/31/2023,118,Inbound,,internet,,Director of Sales 3,AMER,Jul 2023,Dec 2022
00606000014v53U,00106000024A3GnAAK,AE 8,96000,Qualifying,12/17/2022,7/31/2023,102,Inbound,,Retail,,Director of Sales 3,AMER,Jul 2023,Dec 2022
00606000014uqfM,00106000023RA0PAAW,AE 5,83685.6,Qualifying,11/12/2022,7/31/2023,137,Inbound,,sporting goods,,Director of Sales 2,EMEA,Jul 2023,Nov 2022
00606000014uqy4,00106000023RCmzAAG,AE 8,60000,Proving,11/12/2022,7/31/2023,137,Inbound,,wholesale,,Director of Sales 3,AMER,Jul 2023,Nov 2022
00606000014upH9,00106000023QvyDAAS,Director of Sales 2,48000,Qualifying,11/9/2022,7/31/2023,140,Customer Referral,,Other Consumer Goods,,Director of Sales 2,EMEA,Jul 2023,Nov 2022
00606000012xtZO,0010600001xEMCeAAO,AE 8,120000,Scoping,5/10/2022,7/31/2023,323,Customer Referral,,,,Director of Sales 3,AMER,Jul 2023,May 2022
00606000014v4cJ,00106000024A2CPAA0,AE 3,30000,Qualifying,12/16/2022,8/10/2023,102,Inbound,,environmental services,,Director of Sales 1,APAC,Aug 2023,Dec 2022
00606000012z0K9,00106000022AcpgAAC,AE 3,120000,Qualifying,8/6/2022,8/17/2023,235,Outbound,,Financial Services,,Director of Sales 1,APAC,Aug 2023,Aug 2022
00606000014v0Z1,001060000248ZyFAAU,AE 7,82527.25,Qualifying,11/30/2022,8/26/2023,119,Inbound,,Financial Services,,Director of Sales 2,EMEA,Aug 2023,Nov 2022
00606000012yu1h,00106000021g8kFAAQ,AE 8,36000,Scoping,7/20/2022,8/31/2023,252,Inbound,,internet,,Director of Sales 3,AMER,Aug 2023,Jul 2022
00606000012whRR,00106000022nTKiAAM,AE 1,120000,Proving,9/15/2022,8/31/2023,194,Outbound,,e-Commerce,,Director of Sales 1,APAC,Aug 2023,Sep 2022
00606000012ywOx,001060000229tEDAAY,Director of Sales 1,120000,Proving,7/27/2022,8/31/2023,245,Partner Referral,,Financial Services,,Director of Sales 1,APAC,Aug 2023,Jul 2022
00606000012wXrr,00106000021fGSPAA2,AE 4,125528.4,Proving,8/24/2022,8/31/2023,217,Outbound,,internet,,Director of Sales 2,EMEA,Aug 2023,Aug 2022
00606000014v2YY,001060000249EXJAA2,AE 4,348690,Qualifying,12/3/2022,8/31/2023,116,Inbound,,,,Director of Sales 2,EMEA,Aug 2023,Dec 2022
00606000014v4v1,001060000249uLlAAI,AE 9,,Qualifying,12/17/2022,9/16/2023,102,Outbound,,,,Director of Sales 3,AMER,Sep 2023,Dec 2022
00606000014v2uj,001060000249MHWAA2,AE 9,120000,Scoping,12/6/2022,9/23/2023,113,Inbound,,internet,,Director of Sales 3,AMER,Sep 2023,Dec 2022
00606000014ukvs,00106000023PjkdAAC,AE 6,41842.8,Qualifying,11/1/2022,9/30/2023,148,Inbound,,apparel & fashion,,Director of Sales 2,EMEA,Sep 2023,Nov 2022
00606000014ulF9,00106000023Po61AAC,AE 6,55790.4,Qualifying,11/2/2022,9/30/2023,147,Inbound,,Retail,,Director of Sales 2,EMEA,Sep 2023,Nov 2022
00606000012wlO5,00106000022ohjFAAQ,AE 6,69738,Qualifying,9/22/2022,9/30/2023,188,Inbound,,wine & spirits,,Director of Sales 2,EMEA,Sep 2023,Sep 2022
00606000012wlNH,00106000022ohZ8AAI,AE 8,48000,Qualifying,9/22/2022,9/30/2023,188,Inbound,,Financial Services,,Director of Sales 3,AMER,Sep 2023,Sep 2022
00606000012yOLl,00106000020v6ayAAA,AE 6,251056.8,Scoping,6/10/2022,9/30/2023,292,Partner Referral,,,,Director of Sales 2,EMEA,Sep 2023,Jun 2022
00606000014ubnL,00106000023Nxc0AAC,AE 6,34869,Scoping,10/11/2022,9/30/2023,169,Inbound,,automotive,,Director of Sales 2,EMEA,Sep 2023,Oct 2022
00606000014ua7Y,00106000023NfW2AAK,AE 8,150000,Scoping,10/7/2022,9/30/2023,173,Inbound,,Financial Services,,Director of Sales 3,AMER,Sep 2023,Oct 2022
00606000012yb1B,00106000021dRoFAAU,AE 6,48816.6,Scoping,6/22/2022,9/30/2023,280,Outbound,,Financial Services,,Director of Sales 2,EMEA,Sep 2023,Jun 2022
00606000012yYaw,00106000021d9bdAAA,AE 6,83685.6,Qualifying,6/18/2022,9/30/2023,284,Inbound,,publishing,,Director of Sales 2,EMEA,Sep 2023,Jun 2022
00606000012xxTP,0010600001yM3btAAC,AE 6,12204.15,Qualifying,5/18/2022,9/30/2023,315,Inbound,,,,Director of Sales 2,EMEA,Sep 2023,May 2022
00606000014ujrf,00106000023PV2EAAW,AE 6,111580.8,Scoping,10/29/2022,9/30/2023,151,Inbound,,consumer goods,,Director of Sales 2,EMEA,Sep 2023,Oct 2022
00606000014uhSD,00106000023Ov24AAC,AE 8,120000,Qualifying,10/22/2022,9/30/2023,158,Inbound,,apparel & fashion,,Director of Sales 3,AMER,Sep 2023,Oct 2022
00606000014v3lY,001060000249svnAAA,AE 6,125528.4,Scoping,12/13/2022,9/30/2023,106,Inbound,,renewables & environment,,Director of Sales 2,EMEA,Sep 2023,Dec 2022
00606000014v4Ue,00106000024A0yAAAS,AE 6,97633.2,Qualifying,12/16/2022,9/30/2023,103,Inbound,,Financial Services,,Director of Sales 2,EMEA,Sep 2023,Dec 2022
00606000014v3uV,001060000249uJVAAY,AE 8,60000,Scoping,12/13/2022,9/30/2023,106,Inbound,,"leisure, travel & tourism",,Director of Sales 3,AMER,Sep 2023,Dec 2022
00606000014upaL,00106000023R6OOAA0,AE 6,111580.8,Qualifying,11/10/2022,9/30/2023,139,Inbound,,,,Director of Sales 2,EMEA,Sep 2023,Nov 2022
00606000014uqCZ,001240000109nQbAAI,AE 6,139476,Qualifying,11/11/2022,9/30/2023,138,Inbound,,internet,,Director of Sales 2,EMEA,Sep 2023,Nov 2022
00606000012xEq3,0010600001xEzMCAA0,AE 6,55790.4,Qualifying,3/22/2022,9/30/2023,372,Inbound,,Travel - Hospitality,,Director of Sales 2,EMEA,Sep 2023,Mar 2022
00606000014v5H2,00106000024A6PZAA0,AE 4,139476,Scoping,12/20/2022,10/14/2023,99,Inbound,,luxury goods & jewelry,,Director of Sales 2,EMEA,Oct 2023,Dec 2022
00606000014uqy9,00106000023RCoRAAW,AE 9,120000,Scoping,11/12/2022,10/28/2023,137,Inbound,,security & investigations,,Director of Sales 3,AMER,Oct 2023,Nov 2022
00606000014uj9O,00106000023PKvrAAG,AE 8,84000,Proving,10/27/2022,10/31/2023,153,Partner Referral,,computer software,,Director of Sales 3,AMER,Oct 2023,Oct 2022
00606000012xbnx,0010600001xHOYfAAO,AE 7,297098.09,Negotiating,4/22/2022,10/31/2023,341,Inbound,,Apparel & Textile - Sportswear / Sports Gear,,Director of Sales 2,EMEA,Oct 2023,Apr 2022
00606000014uvNX,001060000247tC9AAI,AE 9,60000,Proving,11/22/2022,11/18/2023,127,Inbound,,information technology & services,,Director of Sales 3,AMER,Nov 2023,Nov 2022
00606000012yvNo,00106000021gFJNAA2,AE 8,132000,Qualifying,7/23/2022,11/30/2023,249,Inbound,,Food & Beverage - Supermarket Chains,,Director of Sales 3,AMER,Nov 2023,Jul 2022
00606000014v5kO,00106000024A8snAAC,AE 5,55790.4,Proving,12/22/2022,12/31/2023,97,Inbound,,Financial Services,,Director of Sales 2,EMEA,Dec 2023,Dec 2022
00606000012xyK9,00106000020tvKPAAY,AE 5,209214,Scoping,5/19/2022,12/31/2023,314,Inbound,,Food & Beverage - Supermarket Chains,,Director of Sales 2,EMEA,Dec 2023,May 2022